"Event Name","Event Type","Resource Id","Event Date","Account","Region","Description"
"o2-security-group-unrestricted-ssh","security","sg-00245490fb1d2f3cbsanju","2020-08-26T06:44:12.782Z","Cloudticity-Fission-QA","us-east-1","A security group has port 22 (SSH) assigned to an open IP range."
"o2-ec2-no-asg","availability","i-047bce1a7f5e83296","2020-11-03T08:02:54.453Z","Cloudticity-Fission-QA","us-east-1","Instances without an autoscaling group should be configured for high availability."
"o2-cloudformation-drift-detected","compliance","o2-oxygen-auth-management-qa","2020-12-28T22:16:41.958Z","Cloudticity-Fission-QA","us-east-1","o2-cloudformation-drift-detected"
"o2-cloudformation-drift-detected","compliance","o2-management-sqs-events","2021-02-02T08:45:05.512Z","Cloudticity-Fission-QA","us-east-1","o2-cloudformation-drift-detected"
"o2-iam-cross-account-no-external-id","security","o2-Parquantix","2021-02-08T12:46:53.351Z","Cloudticity-Fission-QA","us-east-1","An IAM cross-account role is not using an external id."
"o2-cloudformation-drift-detected","compliance","O2ManagementLoggingStack","2021-02-16T08:44:53.171Z","Cloudticity-Fission-QA","us-east-1","o2-cloudformation-drift-detected"
"o2-ec2-target-group-unencrypted-protocol","security","arn:aws:elasticloadbalancing:us-east-1:203471797812:targetgroup/kirantest/993f523a4692b173","2021-03-02T08:44:59.105Z","Cloudticity-Fission-QA","us-east-1","o2-ec2-target-group-unencrypted-protocol"
"o2-security-group-unrestricted-ssh","security","sg-00245490fb1d2f3cb","2021-03-26T11:56:13.502Z","Cloudticity-Fission-QA","us-east-1","A security group has port 22 (SSH) assigned to an open IP range."
"o2-security-group-unrestricted-ssh","security","sg-01b964c510df41cd1","2021-03-26T11:56:13.929Z","Cloudticity-Fission-QA","us-east-1","A security group has port 22 (SSH) assigned to an open IP range."
"o2-security-group-unrestricted-ssh","security","sg-027d479d0d8ba643b","2021-03-26T11:56:14.139Z","Cloudticity-Fission-QA","us-east-1","A security group has port 22 (SSH) assigned to an open IP range."
"o2-security-group-unrestricted-ssh","security","sg-02a891aa52834aa16","2021-03-26T11:56:14.227Z","Cloudticity-Fission-QA","us-east-1","A security group has port 22 (SSH) assigned to an open IP range."
"o2-security-group-unrestricted-ssh","security","sg-03002a4241b1295bd","2021-03-26T11:56:14.375Z","Cloudticity-Fission-QA","us-east-1","A security group has port 22 (SSH) assigned to an open IP range."
"o2-security-group-unrestricted-ssh","security","sg-03178e43d5c544cd6","2021-03-26T11:56:14.448Z","Cloudticity-Fission-QA","us-east-1","A security group has port 22 (SSH) assigned to an open IP range."
"o2-security-group-unrestricted-ssh","security","sg-03cc7e2ed9c3ea559","2021-03-26T11:56:14.755Z","Cloudticity-Fission-QA","us-east-1","A security group has port 22 (SSH) assigned to an open IP range."
"o2-security-group-unrestricted-ssh","security","sg-040d8da407722bac5","2021-03-26T11:56:14.850Z","Cloudticity-Fission-QA","us-east-1","A security group has port 22 (SSH) assigned to an open IP range."
"o2-security-group-unrestricted-ssh","security","sg-040f442604f094745","2021-03-26T11:56:14.909Z","Cloudticity-Fission-QA","us-east-1","A security group has port 22 (SSH) assigned to an open IP range."
"o2-security-group-unrestricted-ssh","security","sg-046246cbee95a43e5","2021-03-26T11:56:15.240Z","Cloudticity-Fission-QA","us-east-1","A security group has port 22 (SSH) assigned to an open IP range."
"o2-security-group-unrestricted-ssh","security","sg-04b0776db38e74d65","2021-03-26T11:56:15.699Z","Cloudticity-Fission-QA","us-east-1","A security group has port 22 (SSH) assigned to an open IP range."
"o2-security-group-unrestricted-ssh","security","sg-05526de4d7c091edc","2021-03-26T11:56:16.004Z","Cloudticity-Fission-QA","us-east-1","A security group has port 22 (SSH) assigned to an open IP range."
"o2-security-group-unrestricted-ssh","security","sg-0620036f4a19b5f60","2021-03-26T11:56:16.113Z","Cloudticity-Fission-QA","us-east-1","A security group has port 22 (SSH) assigned to an open IP range."
"o2-security-group-unrestricted-ssh","security","sg-06441faf1a9a0f1ab","2021-03-26T11:56:16.199Z","Cloudticity-Fission-QA","us-east-1","A security group has port 22 (SSH) assigned to an open IP range."
"o2-security-group-unrestricted-ssh","security","sg-07889838b7f94779b","2021-03-26T11:56:16.445Z","Cloudticity-Fission-QA","us-east-1","A security group has port 22 (SSH) assigned to an open IP range."
"o2-security-group-unrestricted-ssh","security","sg-08ea02a9588f725ee","2021-03-26T11:56:16.606Z","Cloudticity-Fission-QA","us-east-1","A security group has port 22 (SSH) assigned to an open IP range."
"o2-security-group-unrestricted-ssh","security","sg-0998b80dacaa81532","2021-03-26T11:56:16.670Z","Cloudticity-Fission-QA","us-east-1","A security group has port 22 (SSH) assigned to an open IP range."
"o2-security-group-unrestricted-ssh","security","sg-0a28574c18e8e98dc","2021-03-26T11:56:16.792Z","Cloudticity-Fission-QA","us-east-1","A security group has port 22 (SSH) assigned to an open IP range."
"o2-security-group-unrestricted-ssh","security","sg-0ad3e8c61e3808487","2021-03-26T11:56:16.864Z","Cloudticity-Fission-QA","us-east-1","A security group has port 22 (SSH) assigned to an open IP range."
"o2-security-group-unrestricted-ssh","security","sg-0b34e3bde54942248","2021-03-26T11:56:16.972Z","Cloudticity-Fission-QA","us-east-1","A security group has port 22 (SSH) assigned to an open IP range."
"o2-security-group-unrestricted-ssh","security","sg-0be5e5749068f530b","2021-03-26T11:56:17.204Z","Cloudticity-Fission-QA","us-east-1","A security group has port 22 (SSH) assigned to an open IP range."
"o2-security-group-unrestricted-ssh","security","sg-0c1b728b292985b2a","2021-03-26T11:56:17.250Z","Cloudticity-Fission-QA","us-east-1","A security group has port 22 (SSH) assigned to an open IP range."
"o2-security-group-unrestricted-ssh","security","sg-0c4babbf5c1e48fc4","2021-03-26T11:56:17.330Z","Cloudticity-Fission-QA","us-east-1","A security group has port 22 (SSH) assigned to an open IP range."
"o2-security-group-unrestricted-ssh","security","sg-0e1ba4223ae653c4f","2021-03-26T11:56:17.552Z","Cloudticity-Fission-QA","us-east-1","A security group has port 22 (SSH) assigned to an open IP range."
"o2-security-group-unrestricted-ssh","security","sg-0e3e4136198b1892a","2021-03-26T11:56:17.599Z","Cloudticity-Fission-QA","us-east-1","A security group has port 22 (SSH) assigned to an open IP range."
"o2-security-group-unrestricted-ssh","security","sg-0f3bb4f3aebc4c891","2021-03-26T11:56:17.818Z","Cloudticity-Fission-QA","us-east-1","A security group has port 22 (SSH) assigned to an open IP range."
"o2-security-group-unrestricted-ssh","security","sg-0fcd423dc58213b2e","2021-03-26T11:56:17.865Z","Cloudticity-Fission-QA","us-east-1","A security group has port 22 (SSH) assigned to an open IP range."
"o2-security-group-unrestricted-ssh","security","sg-0b2111a4f43ffdeef","2021-03-31T11:19:48.200Z","Cloudticity-Fission-QA","us-east-1","A security group has port 22 (SSH) assigned to an open IP range."
"o2-security-group-unrestricted-ssh","security","sg-072d13f92b4971e35","2021-04-01T10:12:01.971Z","Cloudticity-Fission-QA","us-east-1","A security group has port 22 (SSH) assigned to an open IP range."
"o2-ebs-no-default-encryption","security","us-east-2","2021-04-05T08:45:11.574Z","Cloudticity-Fission-QA","us-east-2","o2-ebs-no-default-encryption"
"o2-s3-logging-not-enabled","compliance","cf-templates-1moyp2eikofcd-us-east-2","2021-04-05T13:55:46.812Z","Cloudticity-Fission-QA","us-east-2","S3 bucket does not have logging enabled"
"o2-s3-logging-not-enabled","compliance","cloudticity-o2-us-east-2-qa","2021-04-05T13:55:48.765Z","Cloudticity-Fission-QA","us-east-2","S3 bucket does not have logging enabled"
"o2-ec2-target-group-unencrypted-protocol","security","arn:aws:elasticloadbalancing:us-west-2:203471797812:targetgroup/o2-api-qa/c346b32ab19fbbab","2021-04-05T21:41:09.608Z","Cloudticity-Fission-QA","us-west-2","o2-ec2-target-group-unencrypted-protocol"
"o2-security-group-unrestricted-ssh","security","sg-061bec71159a76987","2021-04-05T21:41:09.660Z","Cloudticity-Fission-QA","us-west-2","A security group has port 22 (SSH) assigned to an open IP range."
"o2-security-group-unrestricted-ssh","security","sg-0847ff118c26e8bae","2021-04-05T21:41:09.946Z","Cloudticity-Fission-QA","us-west-2","A security group has port 22 (SSH) assigned to an open IP range."
"o2-cloudformation-drift-detected","compliance","EC2ContainerService-o2-api-qa-west-2","2021-04-05T21:41:27.397Z","Cloudticity-Fission-QA","us-west-2","o2-cloudformation-drift-detected"
"o2-iam-cross-account-no-external-id","security","ashish-cross-account","2021-04-05T21:43:01.077Z","Cloudticity-Fission-QA","us-west-2","An IAM cross-account role is not using an external id."
"o2-security-group-unrestricted-ssh","security","sg-06583816e56de3e52","2021-04-06T05:11:52.814Z","Cloudticity-Fission-QA","us-east-1","A security group has port 22 (SSH) assigned to an open IP range."
"o2-security-group-unrestricted-ssh","security","sg-0760f0c3abd118a28","2021-04-06T11:41:27.345Z","Cloudticity-Fission-QA","us-east-1","A security group has port 22 (SSH) assigned to an open IP range."
"o2-security-group-unrestricted-ssh","security","sg-0c00e7674c4afcc2f","2021-04-07T08:31:27.364Z","Cloudticity-Fission-QA","us-east-1","A security group has port 22 (SSH) assigned to an open IP range."
"o2-security-group-unrestricted-ssh","security","sg-00103de56ef40b1bb","2021-04-27T05:33:34.761Z","Cloudticity-Fission-QA","us-east-1","A security group has port 22 (SSH) assigned to an open IP range."
"o2-ebs-no-default-encryption","security","us-east-1","2021-04-27T05:53:34.217Z","Cloudticity-Fission-QA","us-east-1","o2-ebs-no-default-encryption"
"o2-security-group-unrestricted-ssh","security","sg-0fcdc8f8011eb16a2","2021-04-27T05:55:30.829Z","Cloudticity-Fission-QA","us-east-1","A security group has port 22 (SSH) assigned to an open IP range."
"o2-ebs-no-default-encryption","security","us-west-2","2021-04-27T06:20:52.234Z","Cloudticity-Fission-QA","us-west-2","o2-ebs-no-default-encryption"
"o2-security-group-unrestricted-ssh","security","sg-0ff09090ed294d82d","2021-04-27T06:22:32.685Z","Cloudticity-Fission-QA","us-west-2","A security group has port 22 (SSH) assigned to an open IP range."
"o2-security-group-unrestricted-ssh","security","sg-0bbc9a947328f9307","2021-04-27T10:29:50.799Z","Cloudticity-Fission-QA","us-east-1","A security group has port 22 (SSH) assigned to an open IP range."
"o2-security-group-unrestricted-ssh","security","sg-08286ffea03b6a0db","2021-04-28T04:39:17.778Z","Cloudticity-Fission-QA","us-west-2","A security group has port 22 (SSH) assigned to an open IP range."
"o2-security-group-unrestricted-ssh","security","sg-000dd31f60fecddec","2021-04-29T04:29:03.794Z","Cloudticity-Fission-QA","us-east-1","A security group has port 22 (SSH) assigned to an open IP range."
"o2-ec2-ami-publicly-accessible","security","ami-0e06d1de187b8bba3","2021-04-29T04:45:18.870Z","Cloudticity-Fission-QA","us-east-1","o2-ec2-ami-publicly-accessible"
"o2-security-group-unrestricted-ssh","security","sg-04bce280ff692ad8d","2021-05-05T06:50:42.865Z","Cloudticity-Fission-QA","us-west-2","A security group has port 22 (SSH) assigned to an open IP range."
"o2-security-group-unrestricted-ssh","security","sg-08ee6e6fdebc7959a","2021-05-05T10:49:37.816Z","Cloudticity-Fission-QA","us-west-2","A security group has port 22 (SSH) assigned to an open IP range."
"o2-security-group-unrestricted-ssh","security","sg-0e5bc2e7f8fe4250d","2021-05-10T11:13:31.805Z","Cloudticity-Fission-QA","us-west-2","A security group has port 22 (SSH) assigned to an open IP range."
"o2-load-balancer-v2-unencrypted-protocol","compliance","arn:aws:elasticloadbalancing:us-west-2:203471797812:loadbalancer/app/o2-api-qa/5a2fa2110835f865","2021-05-10T14:22:40.409Z","Cloudticity-Fission-QA","us-west-2","o2-load-balancer-v2-unencrypted-protocol"
"o2-security-group-unrestricted-ssh","security","sg-00afbe423897842cf","2021-05-11T08:15:09.931Z","Cloudticity-Fission-QA","us-east-1","A security group has port 22 (SSH) assigned to an open IP range."
"o2-security-group-unrestricted-ssh","security","sg-0fd6252f1e88aaec0","2021-05-13T04:56:34.633Z","Cloudticity-Fission-QA","us-east-1","A security group has port 22 (SSH) assigned to an open IP range."
"o2-security-group-unrestricted-ssh","security","sg-004009c52455ba025","2021-05-15T02:38:19.986Z","Cloudticity-Fission-QA","us-east-1","A security group has port 22 (SSH) assigned to an open IP range."
"o2-security-group-unrestricted-ssh","security","sg-0ca8ca9f7c749d9a2","2021-05-17T07:12:14.365Z","Cloudticity-Fission-QA","us-east-1","A security group has port 22 (SSH) assigned to an open IP range."
"o2-security-group-unrestricted-ssh","security","sg-0db2d70243ed781dc","2021-05-18T10:27:27.347Z","Cloudticity-Fission-QA","us-east-1","A security group has port 22 (SSH) assigned to an open IP range."
"o2-security-group-unrestricted-rdp","security","sg-004009c52455ba025","2021-05-18T12:26:57.817Z","Cloudticity-Fission-QA","us-east-1","A security group has port 3389 (RDP) assigned to an open IP range."
"o2-security-group-unrestricted-ssh","security","sg-09c8832af865df5d6","2021-05-18T13:36:36.245Z","Cloudticity-Fission-QA","us-west-2","A security group has port 22 (SSH) assigned to an open IP range."
"o2-security-group-unrestricted-ssh","security","sg-0b81b807d0b05efad","2021-05-18T14:18:12.657Z","Cloudticity-Fission-QA","us-west-2","A security group has port 22 (SSH) assigned to an open IP range."
"o2-rds-open-security-group","compliance","database-1-instance-1","2021-05-19T05:41:44.492Z","Cloudticity-Fission-QA","us-west-2","o2-rds-open-security-group"
"o2-rds-open-security-group","compliance","o2-rds-qa-st","2021-05-19T05:41:44.972Z","Cloudticity-Fission-QA","us-west-2","o2-rds-open-security-group"
"o2-s3-logging-not-enabled","compliance","cloudticity-oxygen-utility-reports-qa","2021-05-21T09:11:53.722Z","Cloudticity-Fission-QA","us-east-1","S3 bucket does not have logging enabled"
"o2-lambda-admin-privileges","security","o2-oxygen-auth-management-TradeCodeForTokensFuncti-1FA8191VBWV2U","2021-05-24T08:44:52.728Z","Cloudticity-Fission-QA","us-east-1","o2-lambda-admin-privileges"
"o2-lambda-admin-privileges","security","o2-oxygen-auth-management-InjectClaimsIntoIdToken-NK3AQXSX0732","2021-05-24T08:44:54.206Z","Cloudticity-Fission-QA","us-east-1","o2-lambda-admin-privileges"
"o2-security-group-unrestricted-ssh","security","sg-01a739982588f8c03","2021-05-25T05:11:28.353Z","Cloudticity-Fission-QA","us-west-2","A security group has port 22 (SSH) assigned to an open IP range."
"o2-iam-cross-account-no-external-id","security","ashish-cross-account","2021-05-26T14:30:59.732Z","Cloudticity-Fission-QA","us-west-1","An IAM cross-account role is not using an external id."
"o2-iam-cross-account-no-external-id","security","o2-Parquantix","2021-05-26T14:31:05.069Z","Cloudticity-Fission-QA","us-west-1","An IAM cross-account role is not using an external id."
"o2-s3-logging-not-enabled","compliance","cloudticity-oxygen-qa-static-files-west-2","2021-05-28T05:41:54.369Z","Cloudticity-Fission-QA","us-west-2","S3 bucket does not have logging enabled"
"o2-rds-db-instance-no-notifications","compliance","database-1-instance-1","2021-05-28T09:41:44.105Z","Cloudticity-Fission-QA","us-west-2","o2-rds-db-instance-no-notifications"
"o2-rds-db-instance-no-notifications","compliance","o2-rds-qa-st","2021-05-28T09:41:44.444Z","Cloudticity-Fission-QA","us-west-2","o2-rds-db-instance-no-notifications"
"o2-lambda-latest-runtime","compliance","o2-oxygen-auth-management-ApiPermissionsReadItemFu-1F4EN4R2D4XWW","2021-05-31T06:39:07.659Z","Cloudticity-Fission-QA","us-east-1","o2-lambda-latest-runtime"
"o2-lambda-latest-runtime","compliance","o2-management-scheduled-actions","2021-05-31T06:39:07.736Z","Cloudticity-Fission-QA","us-east-1","o2-lambda-latest-runtime"
"o2-lambda-latest-runtime","compliance","o2-coverage-function","2021-05-31T06:39:07.791Z","Cloudticity-Fission-QA","us-east-1","o2-lambda-latest-runtime"
"o2-lambda-latest-runtime","compliance","o2-customer-metric-collection-iterator","2021-05-31T06:39:07.876Z","Cloudticity-Fission-QA","us-east-1","o2-lambda-latest-runtime"
"o2-lambda-latest-runtime","compliance","o2-coverage-authorizor","2021-05-31T06:39:07.945Z","Cloudticity-Fission-QA","us-east-1","o2-lambda-latest-runtime"
"o2-lambda-latest-runtime","compliance","o2-oxygen-auth-management-q-OxygenApiProxyFunction-1Y0QUTV99M5UC","2021-05-31T06:39:08.007Z","Cloudticity-Fission-QA","us-east-1","o2-lambda-latest-runtime"
"o2-lambda-latest-runtime","compliance","o2-oxygen-auth-management-TradeCodeForTokensFuncti-1FA8191VBWV2U","2021-05-31T06:39:08.070Z","Cloudticity-Fission-QA","us-east-1","o2-lambda-latest-runtime"
"o2-lambda-latest-runtime","compliance","o2-ec2-monitoring-configure-agents","2021-05-31T06:39:08.162Z","Cloudticity-Fission-QA","us-east-1","o2-lambda-latest-runtime"
"o2-lambda-latest-runtime","compliance","o2-oxygen-auth-management-RedirectToAuthProviderFu-1CG9Y6T38IP3U","2021-05-31T06:39:09.066Z","Cloudticity-Fission-QA","us-east-1","o2-lambda-latest-runtime"
"o2-lambda-latest-runtime","compliance","o2-ec2-monitoring-collect-accounts","2021-05-31T06:39:09.146Z","Cloudticity-Fission-QA","us-east-1","o2-lambda-latest-runtime"
"o2-lambda-latest-runtime","compliance","o2-oxygen-auth-management-qa-RefreshTokenFunction-1OXVY88RBB45Y","2021-05-31T06:39:09.232Z","Cloudticity-Fission-QA","us-east-1","o2-lambda-latest-runtime"
"o2-lambda-latest-runtime","compliance","o2-oxygen-auth-management-GetCognitoUsersFunction-308TQWX08Z6I","2021-05-31T06:39:09.320Z","Cloudticity-Fission-QA","us-east-1","o2-lambda-latest-runtime"
"o2-lambda-latest-runtime","compliance","o2-customer-alert-workflow","2021-05-31T06:39:09.402Z","Cloudticity-Fission-QA","us-east-1","o2-lambda-latest-runtime"
"o2-lambda-latest-runtime","compliance","o2-oxygen-auth-management-OxygenUsersReadItemFunct-1HZJBAAP9SD8N","2021-05-31T06:39:09.466Z","Cloudticity-Fission-QA","us-east-1","o2-lambda-latest-runtime"
"o2-lambda-latest-runtime","compliance","o2-management-product-deployer","2021-05-31T06:39:09.555Z","Cloudticity-Fission-QA","us-east-1","o2-lambda-latest-runtime"
"o2-lambda-latest-runtime","compliance","o2-ec2-backups-retention-policy","2021-05-31T06:39:09.634Z","Cloudticity-Fission-QA","us-east-1","o2-lambda-latest-runtime"
"o2-lambda-latest-runtime","compliance","o2-guardduty-workflow","2021-05-31T06:56:39.060Z","Cloudticity-Fission-QA","us-east-1","o2-lambda-latest-runtime"
"o2-lambda-latest-runtime","compliance","o2-azure-limits-check-accounts","2021-05-31T06:56:39.154Z","Cloudticity-Fission-QA","us-east-1","o2-lambda-latest-runtime"
"o2-lambda-latest-runtime","compliance","o2-oxygen-auth-management-OxygenUsersReadAllFuncti-2ONQST14OG39","2021-05-31T06:56:39.247Z","Cloudticity-Fission-QA","us-east-1","o2-lambda-latest-runtime"
"o2-lambda-latest-runtime","compliance","cognitoMigration","2021-05-31T06:56:39.450Z","Cloudticity-Fission-QA","us-east-1","o2-lambda-latest-runtime"
"o2-lambda-latest-runtime","compliance","o2-management-metric-collection","2021-05-31T06:56:39.542Z","Cloudticity-Fission-QA","us-east-1","o2-lambda-latest-runtime"
"o2-lambda-latest-runtime","compliance","o2-management-notifications","2021-05-31T06:56:39.629Z","Cloudticity-Fission-QA","us-east-1","o2-lambda-latest-runtime"
"o2-lambda-latest-runtime","compliance","o2-management-cost-utility","2021-05-31T06:56:39.688Z","Cloudticity-Fission-QA","us-east-1","o2-lambda-latest-runtime"
"o2-lambda-latest-runtime","compliance","o2-service-limit-iterator","2021-05-31T06:56:39.760Z","Cloudticity-Fission-QA","us-east-1","o2-lambda-latest-runtime"
"o2-lambda-latest-runtime","compliance","o2-refresh-trusted-advisor","2021-05-31T06:56:39.846Z","Cloudticity-Fission-QA","us-east-1","o2-lambda-latest-runtime"
"o2-lambda-latest-runtime","compliance","o2-oxygen-auth-management-ApiPermissionsUpdateItem-1D1185OCB28O","2021-05-31T06:56:39.919Z","Cloudticity-Fission-QA","us-east-1","o2-lambda-latest-runtime"
"o2-lambda-latest-runtime","compliance","o2-health-dashboard","2021-05-31T06:56:40.011Z","Cloudticity-Fission-QA","us-east-1","o2-lambda-latest-runtime"
"o2-lambda-latest-runtime","compliance","o2-oxygen-auth-management-OxygenUsersDeleteItemFun-11Q8CRKT30KM9","2021-05-31T06:56:40.101Z","Cloudticity-Fission-QA","us-east-1","o2-lambda-latest-runtime"
"o2-lambda-latest-runtime","compliance","o2-ec2-backups-create-snapshots","2021-05-31T06:56:40.251Z","Cloudticity-Fission-QA","us-east-1","o2-lambda-latest-runtime"
"o2-lambda-latest-runtime","compliance","o2-customer-collection-send-events-lambda","2021-05-31T06:56:40.371Z","Cloudticity-Fission-QA","us-east-1","o2-lambda-latest-runtime"
"o2-lambda-latest-runtime","compliance","o2-ec2-monitoring-update-alarms","2021-05-31T06:56:40.954Z","Cloudticity-Fission-QA","us-east-1","o2-lambda-latest-runtime"
"o2-lambda-latest-runtime","compliance","o2-aws-limits-check","2021-05-31T06:56:41.014Z","Cloudticity-Fission-QA","us-east-1","o2-lambda-latest-runtime"
"o2-lambda-latest-runtime","compliance","o2-azure-limits-collect-accounts","2021-05-31T06:56:41.070Z","Cloudticity-Fission-QA","us-east-1","o2-lambda-latest-runtime"
"o2-lambda-latest-runtime","compliance","o2-oxygen-auth-management-ApiPermissionsCreateItem-19W63CFE2ZBDI","2021-05-31T06:56:41.142Z","Cloudticity-Fission-QA","us-east-1","o2-lambda-latest-runtime"
"o2-lambda-latest-runtime","compliance","o2-customer-ec2-utilization-check","2021-05-31T06:56:41.209Z","Cloudticity-Fission-QA","us-east-1","o2-lambda-latest-runtime"
"o2-lambda-latest-runtime","compliance","o2-ec2-backups-delete-disconnected-snapshots","2021-05-31T06:56:41.293Z","Cloudticity-Fission-QA","us-east-1","o2-lambda-latest-runtime"
"o2-lambda-latest-runtime","compliance","monitoring-aws-limits-all-accounts","2021-05-31T06:56:41.377Z","Cloudticity-Fission-QA","us-east-1","o2-lambda-latest-runtime"
"o2-lambda-latest-runtime","compliance","o2-ec2-backups-create-amis","2021-05-31T06:56:41.460Z","Cloudticity-Fission-QA","us-east-1","o2-lambda-latest-runtime"
"o2-lambda-latest-runtime","compliance","o2-oxygen-auth-management-InjectClaimsIntoIdToken-NK3AQXSX0732","2021-05-31T06:56:41.553Z","Cloudticity-Fission-QA","us-east-1","o2-lambda-latest-runtime"
"o2-lambda-latest-runtime","compliance","o2-oxygen-auth-management-OxygenUsersUpdateItemFun-1NYYAFE7IAKKT","2021-05-31T06:56:41.618Z","Cloudticity-Fission-QA","us-east-1","o2-lambda-latest-runtime"
"o2-lambda-latest-runtime","compliance","o2-management-support-tickets","2021-05-31T06:56:41.732Z","Cloudticity-Fission-QA","us-east-1","o2-lambda-latest-runtime"
"o2-lambda-latest-runtime","compliance","o2-management-workflow","2021-05-31T06:56:41.791Z","Cloudticity-Fission-QA","us-east-1","o2-lambda-latest-runtime"
"o2-lambda-latest-runtime","compliance","metric-collection-all-msp-accounts","2021-05-31T06:56:42.322Z","Cloudticity-Fission-QA","us-east-1","o2-lambda-latest-runtime"
"o2-lambda-latest-runtime","compliance","o2-customer-ebs-utilization-check","2021-05-31T06:56:42.376Z","Cloudticity-Fission-QA","us-east-1","o2-lambda-latest-runtime"
"o2-lambda-latest-runtime","compliance","o2-compliance-inspec-execute","2021-05-31T06:56:42.430Z","Cloudticity-Fission-QA","us-east-1","o2-lambda-latest-runtime"
"o2-lambda-latest-runtime","compliance","o2-compliance-inspec-workflow","2021-05-31T06:56:42.485Z","Cloudticity-Fission-QA","us-east-1","o2-lambda-latest-runtime"
"o2-lambda-latest-runtime","compliance","o2-azure-limits-check-events","2021-05-31T06:56:43.567Z","Cloudticity-Fission-QA","us-east-1","o2-lambda-latest-runtime"
"o2-lambda-latest-runtime","compliance","o2-management-logging-authorizor","2021-05-31T06:56:43.648Z","Cloudticity-Fission-QA","us-east-1","o2-lambda-latest-runtime"
"o2-lambda-latest-runtime","compliance","o2-oxygen-auth-management-OxygenUsersCreateItemFun-1JJTCW4LVKWMW","2021-05-31T06:56:43.737Z","Cloudticity-Fission-QA","us-east-1","o2-lambda-latest-runtime"
"o2-lambda-latest-runtime","compliance","o2-management-publish-to-sns-topic","2021-05-31T06:56:43.828Z","Cloudticity-Fission-QA","us-east-1","o2-lambda-latest-runtime"
"o2-lambda-latest-runtime","compliance","o2-management-remediations","2021-05-31T06:56:43.915Z","Cloudticity-Fission-QA","us-east-1","o2-lambda-latest-runtime"
"o2-lambda-latest-runtime","compliance","o2-oxygen-auth-management-RedirectAfterLoginFuncti-1BILIZ7SGKHR7","2021-05-31T06:56:44.011Z","Cloudticity-Fission-QA","us-east-1","o2-lambda-latest-runtime"
"o2-lambda-latest-runtime","compliance","o2-oxygen-auth-management-OxygenBaseAuthorizerFunc-1G1N3KG64BZIC","2021-05-31T06:56:44.096Z","Cloudticity-Fission-QA","us-east-1","o2-lambda-latest-runtime"
"o2-lambda-latest-runtime","compliance","o2-ec2-monitoring-install-agents","2021-05-31T06:56:44.184Z","Cloudticity-Fission-QA","us-east-1","o2-lambda-latest-runtime"
"o2-lambda-latest-runtime","compliance","o2-management-logging-cors","2021-05-31T06:56:44.300Z","Cloudticity-Fission-QA","us-east-1","o2-lambda-latest-runtime"
"o2-lambda-latest-runtime","compliance","o2-oxygen-auth-management-ApiPermissionsReadAllFun-10O6WYTM56N9T","2021-05-31T06:56:44.372Z","Cloudticity-Fission-QA","us-east-1","o2-lambda-latest-runtime"
"o2-lambda-latest-runtime","compliance","o2-management-logging-handler","2021-05-31T06:56:44.461Z","Cloudticity-Fission-QA","us-east-1","o2-lambda-latest-runtime"
"o2-lambda-latest-runtime","compliance","o2-ec2-monitoring-create-alarms","2021-05-31T06:56:44.530Z","Cloudticity-Fission-QA","us-east-1","o2-lambda-latest-runtime"
"o2-lambda-latest-runtime","compliance","o2-oxygen-auth-management-ApiPermissionsDeleteItem-EIG3K8DYFXC2","2021-05-31T06:56:44.600Z","Cloudticity-Fission-QA","us-east-1","o2-lambda-latest-runtime"
"o2-lambda-latest-runtime","compliance","processDeadLetterQueue","2021-05-31T06:56:44.671Z","Cloudticity-Fission-QA","us-east-1","o2-lambda-latest-runtime"
"o2-lambda-latest-runtime","compliance","O2CoverageReportStack-CustomS3AutoDeleteObjectsCus-AARX55V5DQD3","2021-05-31T06:56:44.744Z","Cloudticity-Fission-QA","us-east-1","o2-lambda-latest-runtime"
"o2-lambda-latest-runtime","compliance","o2-management-process-o2-event-updates","2021-05-31T06:56:45.851Z","Cloudticity-Fission-QA","us-east-1","o2-lambda-latest-runtime"
"o2-lambda-latest-runtime","compliance","o2-ec2-monitoring-clean-alarms","2021-05-31T06:56:45.931Z","Cloudticity-Fission-QA","us-east-1","o2-lambda-latest-runtime"
"o2-lambda-latest-runtime","compliance","o2-customer-collection-send-realtime-events-lambda","2021-05-31T06:56:46.007Z","Cloudticity-Fission-QA","us-east-1","o2-lambda-latest-runtime"
"o2-lambda-latest-runtime","compliance","o2-coverage-cors","2021-05-31T06:56:46.092Z","Cloudticity-Fission-QA","us-east-1","o2-lambda-latest-runtime"
"o2-lambda-latest-runtime","compliance","o2-ec2-backups-delete-disconnected-snapshots","2021-05-31T07:15:41.444Z","Cloudticity-Fission-QA","us-west-2","o2-lambda-latest-runtime"
"o2-lambda-latest-runtime","compliance","o2-ec2-backups-retention-policy","2021-05-31T07:15:41.543Z","Cloudticity-Fission-QA","us-west-2","o2-lambda-latest-runtime"
"o2-lambda-latest-runtime","compliance","o2-health-dashboard","2021-05-31T07:15:41.631Z","Cloudticity-Fission-QA","us-west-2","o2-lambda-latest-runtime"
"o2-lambda-latest-runtime","compliance","o2-customer-collection-send-events-lambda","2021-05-31T07:15:41.721Z","Cloudticity-Fission-QA","us-west-2","o2-lambda-latest-runtime"
"o2-lambda-latest-runtime","compliance","o2-refresh-trusted-advisor","2021-05-31T07:15:41.813Z","Cloudticity-Fission-QA","us-west-2","o2-lambda-latest-runtime"
"o2-lambda-latest-runtime","compliance","o2-customer-collection-send-realtime-events-lambda","2021-05-31T07:15:41.925Z","Cloudticity-Fission-QA","us-west-2","o2-lambda-latest-runtime"
"o2-lambda-latest-runtime","compliance","o2-aws-limits-check","2021-05-31T07:15:42.237Z","Cloudticity-Fission-QA","us-west-2","o2-lambda-latest-runtime"
"o2-lambda-latest-runtime","compliance","o2-customer-alert-workflow","2021-05-31T07:15:42.313Z","Cloudticity-Fission-QA","us-west-2","o2-lambda-latest-runtime"
"o2-lambda-latest-runtime","compliance","o2-ec2-backups-create-snapshots","2021-05-31T07:15:42.395Z","Cloudticity-Fission-QA","us-west-2","o2-lambda-latest-runtime"
"o2-lambda-latest-runtime","compliance","o2-ec2-backups-create-amis","2021-05-31T07:15:42.492Z","Cloudticity-Fission-QA","us-west-2","o2-lambda-latest-runtime"
"o2-lambda-latest-runtime","compliance","o2-guardduty-workflow","2021-05-31T07:15:42.655Z","Cloudticity-Fission-QA","us-west-2","o2-lambda-latest-runtime"
"o2-iam-admin-user-no-mfa","security","debopriyo.chakraborty","2021-05-31T09:29:00.747Z","Cloudticity-Fission-QA","us-east-1","An IAM user with admin permissions does not have multi-factor authentication enabled"
"o2-iam-user-policy-full-admin","security","debopriyo.chakraborty","2021-05-31T09:29:00.898Z","Cloudticity-Fission-QA","us-east-1","Check if full admin privileges policy is assigned to user"
"o2-iam-admin-user-no-mfa","security","kiran.thoodi","2021-05-31T09:29:00.952Z","Cloudticity-Fission-QA","us-east-1","An IAM user with admin permissions does not have multi-factor authentication enabled"
"o2-iam-user-policy-full-admin","security","kiran.thoodi","2021-05-31T09:29:01.113Z","Cloudticity-Fission-QA","us-east-1","Check if full admin privileges policy is assigned to user"
"o2-iam-user-policy-full-admin","security","o2-api-build-user","2021-05-31T09:29:01.543Z","Cloudticity-Fission-QA","us-east-1","Check if full admin privileges policy is assigned to user"
"o2-iam-admin-user-no-mfa","security","parameswar.mondal","2021-05-31T09:29:01.571Z","Cloudticity-Fission-QA","us-east-1","An IAM user with admin permissions does not have multi-factor authentication enabled"
"o2-iam-user-policy-full-admin","security","parameswar.mondal","2021-05-31T09:29:01.752Z","Cloudticity-Fission-QA","us-east-1","Check if full admin privileges policy is assigned to user"
"o2-iam-cross-account-no-external-id","security","ashish-cross-account","2021-05-31T09:29:04.721Z","Cloudticity-Fission-QA","us-east-1","An IAM cross-account role is not using an external id."
"o2-iam-role-policy-full-admin","security","ashish-cross-account","2021-05-31T09:29:04.779Z","Cloudticity-Fission-QA","us-east-1","Check for admin policy for a role"
"o2-iam-role-policy-full-admin","security","ecsInstanceRole","2021-05-31T09:29:07.706Z","Cloudticity-Fission-QA","us-east-1","Check for admin policy for a role"
"o2-iam-role-policy-full-admin","security","o2-api-ecs-task-role","2021-05-31T09:29:08.547Z","Cloudticity-Fission-QA","us-east-1","Check for admin policy for a role"
"o2-iam-role-policy-full-admin","security","o2-oxygen-auth-management-InjectClaimsIntoIdTokenR-64SVU2Y8AB1J","2021-05-31T09:29:09.074Z","Cloudticity-Fission-QA","us-east-1","Check for admin policy for a role"
"o2-iam-role-policy-full-admin","security","o2-oxygen-auth-management-TradeCodeForTokensFuncti-MQWQICNRIW3T","2021-05-31T09:29:09.583Z","Cloudticity-Fission-QA","us-east-1","Check for admin policy for a role"
"o2-iam-cross-account-no-external-id","security","o2-Parquantix","2021-05-31T09:29:09.622Z","Cloudticity-Fission-QA","us-east-1","An IAM cross-account role is not using an external id."
"o2-iam-role-policy-full-admin","security","o2-ssm-unmanaged-event-i-0000455c8b04e69cb","2021-05-31T09:29:09.695Z","Cloudticity-Fission-QA","us-east-1","Check for admin policy for a role"
"o2-iam-role-policy-full-admin","security","processDeadLetterQueue-role-908dbmip","2021-05-31T09:29:18.312Z","Cloudticity-Fission-QA","us-east-1","Check for admin policy for a role"
"o2-lambda-latest-runtime","compliance","o2-api-framework","2021-05-31T16:44:57.274Z","Cloudticity-Fission-QA","us-east-1","o2-lambda-latest-runtime"
"o2-lambda-latest-runtime","compliance","o2-framework-cors","2021-05-31T16:44:57.456Z","Cloudticity-Fission-QA","us-east-1","o2-lambda-latest-runtime"
"o2-lambda-latest-runtime","compliance","o2-framework-authorizer","2021-05-31T16:44:57.734Z","Cloudticity-Fission-QA","us-east-1","o2-lambda-latest-runtime"
"o2-rds-db-instance-no-notifications","compliance","test01062008","2021-06-01T04:32:00.988Z","Cloudticity-Fission-QA","us-east-1","o2-rds-db-instance-no-notifications"
"o2-s3-logging-not-enabled","compliance","aws-logs-203471797812-us-west-2","2021-06-01T05:41:01.417Z","Cloudticity-Fission-QA","us-west-2","S3 bucket does not have logging enabled"
"o2-s3-logging-not-enabled","compliance","cf-templates-1moyp2eikofcd-us-east-1","2021-06-03T07:42:11.557Z","Cloudticity-Fission-QA","us-west-2","S3 bucket does not have logging enabled"
"o2-s3-logging-not-enabled","compliance","cf-templates-1moyp2eikofcd-us-east-2","2021-06-03T07:42:11.773Z","Cloudticity-Fission-QA","us-west-2","S3 bucket does not have logging enabled"
"o2-s3-logging-not-enabled","compliance","cf-templates-1moyp2eikofcd-us-west-1","2021-06-03T07:42:12.137Z","Cloudticity-Fission-QA","us-west-2","S3 bucket does not have logging enabled"
"o2-s3-logging-not-enabled","compliance","cloudticity-o2-ap-south-1-qa","2021-06-03T07:42:13.282Z","Cloudticity-Fission-QA","us-west-2","S3 bucket does not have logging enabled"
"o2-s3-logging-not-enabled","compliance","cloudticity-o2-reports-qa","2021-06-03T07:42:13.519Z","Cloudticity-Fission-QA","us-west-2","S3 bucket does not have logging enabled"
"o2-s3-logging-not-enabled","compliance","cloudticity-o2-us-east-2-qa","2021-06-03T07:42:13.953Z","Cloudticity-Fission-QA","us-west-2","S3 bucket does not have logging enabled"
"o2-s3-logging-not-enabled","compliance","cloudticity-o2-us-west-1-qa","2021-06-03T07:42:14.377Z","Cloudticity-Fission-QA","us-west-2","S3 bucket does not have logging enabled"
"o2-s3-logging-not-enabled","compliance","cloudticity-oxygen-utility-reports-qa","2021-06-03T07:42:15.208Z","Cloudticity-Fission-QA","us-west-2","S3 bucket does not have logging enabled"
"o2-s3-logging-not-enabled","compliance","oxygen-qa-athena-results","2021-06-03T07:42:18.243Z","Cloudticity-Fission-QA","us-west-2","S3 bucket does not have logging enabled"
"o2-s3-logging-not-enabled","compliance","aws-logs-203471797812-us-west-2","2021-06-03T07:55:45.238Z","Cloudticity-Fission-QA","us-east-1","S3 bucket does not have logging enabled"
"o2-s3-logging-not-enabled","compliance","cf-templates-1moyp2eikofcd-us-east-2","2021-06-03T07:55:46.478Z","Cloudticity-Fission-QA","us-east-1","S3 bucket does not have logging enabled"
"o2-s3-logging-not-enabled","compliance","cf-templates-1moyp2eikofcd-us-west-1","2021-06-03T07:55:46.720Z","Cloudticity-Fission-QA","us-east-1","S3 bucket does not have logging enabled"
"o2-s3-logging-not-enabled","compliance","cloudticity-o2-ap-south-1-qa","2021-06-03T07:55:47.767Z","Cloudticity-Fission-QA","us-east-1","S3 bucket does not have logging enabled"
"o2-s3-logging-not-enabled","compliance","cloudticity-o2-us-east-2-qa","2021-06-03T07:55:48.442Z","Cloudticity-Fission-QA","us-east-1","S3 bucket does not have logging enabled"
"o2-s3-logging-not-enabled","compliance","cloudticity-o2-us-west-1-qa","2021-06-03T07:55:48.705Z","Cloudticity-Fission-QA","us-east-1","S3 bucket does not have logging enabled"
"o2-s3-logging-not-enabled","compliance","cloudticity-oxygen-qa-static-files-west-2","2021-06-03T07:55:49.452Z","Cloudticity-Fission-QA","us-east-1","S3 bucket does not have logging enabled"
"o2-lambda-latest-runtime","compliance","o2-tmds-agent-installer","2021-06-03T13:41:09.598Z","Cloudticity-Fission-QA","us-west-2","o2-lambda-latest-runtime"
"o2-lambda-latest-runtime","compliance","o2-tmds-agent-installer","2021-06-03T16:45:09.180Z","Cloudticity-Fission-QA","us-east-1","o2-lambda-latest-runtime"
"o2-security-group-unrestricted-ssh","security","sg-0c40e3ed1ce3fdd56","2021-06-07T08:13:51.116Z","Cloudticity-Fission-QA","us-west-2","A security group has port 22 (SSH) assigned to an open IP range."
"o2-security-group-unrestricted-ssh","security","sg-08dbdb290195d5547","2021-06-07T11:25:04.768Z","Cloudticity-Fission-QA","us-west-2","A security group has port 22 (SSH) assigned to an open IP range."
"o2-security-group-unrestricted-ssh","security","sg-07e189d9802a63eca","2021-06-07T12:55:21.447Z","Cloudticity-Fission-QA","us-west-2","A security group has port 22 (SSH) assigned to an open IP range."
"o2-guardduty-discovery-s3-maliciousipcaller","security","bucketName","2021-06-08T12:36:08.003Z","Cloudticity-Fission-QA","us-east-1","An S3 API, such as GetObjectAcl or ListObjects, was invoked from an IP address that is included on a threat list that you uploaded."
"o2-guardduty-unauthorizedaccess-s3-maliciousipcaller-custom","security","bucketName","2021-06-08T12:36:08.682Z","Cloudticity-Fission-QA","us-east-1","An API was used to access a bucket from an IP address on a custom threat list."
"o2-guardduty-pentest-s3-kalilinux","security","bucketName","2021-06-08T12:36:08.776Z","Cloudticity-Fission-QA","us-east-1","A machine running Kali Linux is making S3 API calls using credentials that belong to your AWS account."
"o2-guardduty-exfiltration-s3-maliciousipcaller","security","bucketName","2021-06-08T12:36:09.029Z","Cloudticity-Fission-QA","us-east-1","An S3 API operation was invoked from an IP address that is associated with known malicious activity."
"o2-guardduty-discovery-s3-maliciousipcaller-custom","security","bucketName","2021-06-08T12:36:09.425Z","Cloudticity-Fission-QA","us-east-1","An S3 API, such as GetObjectAcl or ListObjects, was invoked from an IP address that is included on a threat list that you uploaded."
"o2-guardduty-unauthorizedaccess-s3-toripcaller","security","bucketName","2021-06-08T12:36:10.373Z","Cloudticity-Fission-QA","us-east-1","An S3 API operation, such as PutObject or PutObjectAcl, was invoked from a Tor exit node IP address."
"o2-guardduty-pentest-s3-pentoolinux","security","bucketName","2021-06-08T12:36:10.414Z","Cloudticity-Fission-QA","us-east-1","A machine running Pentoo Linux is making S3 API calls using credentials that belong to your AWS account."
"o2-guardduty-discovery-s3-toripcaller","security","bucketName","2021-06-08T12:36:10.636Z","Cloudticity-Fission-QA","us-east-1","An S3 API, such as GetObjectAcl or ListObjects, was invoked from a Tor exit node IP address."
"o2-s3-logging-not-enabled","compliance","cf-templates-1moyp2eikofcd-us-east-1","2021-06-10T05:55:43.770Z","Cloudticity-Fission-QA","us-east-1","S3 bucket does not have logging enabled"
"o2-s3-logging-not-enabled","compliance","cloudticity-o2-reports-qa","2021-06-10T05:55:45.310Z","Cloudticity-Fission-QA","us-east-1","S3 bucket does not have logging enabled"
"o2-s3-logging-not-enabled","compliance","oxygen-qa-athena-results","2021-06-10T05:55:48.680Z","Cloudticity-Fission-QA","us-east-1","S3 bucket does not have logging enabled"
"o2-ec2-required-tags","compliance","i-047bce1a7f5e83296","2021-06-10T16:05:53.275Z","Cloudticity-Fission-QA","us-east-1","EC2 instance is missing required tags"
"o2-iam-password-policy-configuration","security","-","2021-06-11T17:42:03.833Z","Cloudticity-Fission-QA","us-west-2","The IAM password policy is not configured with proper minimum standards"
"o2-security-group-unrestricted-rdp","security","sg-0bdac4e08f52b9dea","2021-06-15T05:20:10.205Z","Cloudticity-Fission-QA","us-west-2","A security group has port 3389 (RDP) assigned to an open IP range."
"o2-s3-logging-not-enabled","compliance","cloudticity-o2-ap-south-1-qa","2021-06-16T15:42:29.866Z","Cloudticity-Fission-QA","ap-south-1","S3 bucket does not have logging enabled"
"o2-s3-logging-not-enabled","compliance","cloudticity-o2-us-west-1-qa","2021-06-16T15:42:30.960Z","Cloudticity-Fission-QA","us-west-1","S3 bucket does not have logging enabled"
"o2-aws-service-cost-increase","cost","ECR - Storage","2021-06-18T23:31:36.751Z","Cloudticity-Fission-QA","-","A daily cost increase of over 10% has been found for a single AWS service."
"o2-aws-service-cost-increase","cost","Amazon DynamoDB - Direct","2021-06-18T23:31:39.318Z","Cloudticity-Fission-QA","-","A daily cost increase of over 10% has been found for a single AWS service."
"o2-aws-service-cost-increase","cost","DynamoDB - Provisioned Read Capacity","2021-06-18T23:31:40.714Z","Cloudticity-Fission-QA","-","A daily cost increase of over 10% has been found for a single AWS service."
"o2-aws-service-cost-increase","cost","EC2 Container Service - Fargate Compute","2021-06-18T23:31:43.548Z","Cloudticity-Fission-QA","-","A daily cost increase of over 10% has been found for a single AWS service."
"o2-aws-service-cost-increase","cost","Amazon RDS Service - Direct","2021-06-18T23:31:44.922Z","Cloudticity-Fission-QA","-","A daily cost increase of over 10% has been found for a single AWS service."
"o2-aws-service-cost-increase","cost","Amazon GuardDuty","2021-06-18T23:31:46.212Z","Cloudticity-Fission-QA","-","A daily cost increase of over 10% has been found for a single AWS service."
"o2-aws-service-cost-increase","cost","RDS - Compute","2021-06-18T23:31:47.540Z","Cloudticity-Fission-QA","-","A daily cost increase of over 10% has been found for a single AWS service."
"o2-security-group-unrestricted-ssh","security","sg-07169b08a35d7a4bf","2021-06-19T16:12:56.472Z","Cloudticity-Fission-QA","us-west-2","A security group has port 22 (SSH) assigned to an open IP range."
"o2-aws-service-cost-increase","cost","CodeBuild - Direct","2021-06-20T23:31:25.219Z","Cloudticity-Fission-QA","-","A daily cost increase of over 10% has been found for a single AWS service."
"o2-aws-service-cost-increase","cost","CodeBuild - Build Minutes","2021-06-20T23:31:26.538Z","Cloudticity-Fission-QA","-","A daily cost increase of over 10% has been found for a single AWS service."
"o2-lambda-latest-runtime","compliance","o2-service-count-account-service","2021-06-26T12:44:59.462Z","Cloudticity-Fission-QA","us-east-1","o2-lambda-latest-runtime"
"o2-lambda-latest-runtime","compliance","o2-service-count-account","2021-06-26T12:45:03.335Z","Cloudticity-Fission-QA","us-east-1","o2-lambda-latest-runtime"
"o2-lambda-latest-runtime","compliance","o2-service-count-v1-auth","2021-06-26T12:45:03.707Z","Cloudticity-Fission-QA","us-east-1","o2-lambda-latest-runtime"
"o2-lambda-latest-runtime","compliance","o2-service-count-account-cors","2021-06-26T12:45:06.192Z","Cloudticity-Fission-QA","us-east-1","o2-lambda-latest-runtime"
"o2-lambda-latest-runtime","compliance","o2-service-count-v2-auth","2021-06-26T12:45:07.281Z","Cloudticity-Fission-QA","us-east-1","o2-lambda-latest-runtime"
"o2-lambda-latest-runtime","compliance","o2-service-count-accounts","2021-06-26T12:45:07.516Z","Cloudticity-Fission-QA","us-east-1","o2-lambda-latest-runtime"
"o2-lambda-latest-runtime","compliance","o2-service-count-api","2021-06-26T12:45:09.819Z","Cloudticity-Fission-QA","us-east-1","o2-lambda-latest-runtime"
"o2-security-group-unrestricted-ssh","security","sg-057cf6841803f0872","2021-06-29T04:49:39.038Z","Cloudticity-Fission-QA","us-west-2","A security group has port 22 (SSH) assigned to an open IP range."
"o2-ebs-untagged-volume","compliance","vol-0acdb509ea48e9377","2021-06-29T04:51:33.690Z","Cloudticity-Fission-QA","us-west-2","Untagged EBS Volume"
"o2-ebs-untagged-volume","compliance","vol-0d517fc3a2d8a3103","2021-06-29T04:51:34.300Z","Cloudticity-Fission-QA","us-west-2","Untagged EBS Volume"
"o2-ebs-untagged-volume","compliance","vol-056ab1620e2999726","2021-06-29T04:51:47.872Z","Cloudticity-Fission-QA","us-west-2","Untagged EBS Volume"
"o2-s3-logging-not-enabled","compliance","cloudticity-o2-us-west-2-qa","2021-06-29T15:42:11.387Z","Cloudticity-Fission-QA","us-west-2","S3 bucket does not have logging enabled"
"o2-security-group-unrestricted-ssh","security","sg-007ac4fcf4c064bb1","2021-06-29T16:48:32.615Z","Cloudticity-Fission-QA","us-east-1","A security group has port 22 (SSH) assigned to an open IP range."
"o2-security-group-unrestricted-rdp","security","sg-03a9a8fefe3ad1ae7","2021-06-29T16:48:33.735Z","Cloudticity-Fission-QA","us-east-1","A security group has port 3389 (RDP) assigned to an open IP range."
"o2-security-group-unrestricted-ssh","security","sg-04ac5cbe80274bc48","2021-06-29T16:48:34.710Z","Cloudticity-Fission-QA","us-east-1","A security group has port 22 (SSH) assigned to an open IP range."
"o2-security-group-unrestricted-ssh","security","sg-04d12a6dd0da7e6ad","2021-06-29T16:48:34.999Z","Cloudticity-Fission-QA","us-east-1","A security group has port 22 (SSH) assigned to an open IP range."
"o2-security-group-unrestricted-ssh","security","sg-0548addf85ca4f20e","2021-06-29T16:48:35.338Z","Cloudticity-Fission-QA","us-east-1","A security group has port 22 (SSH) assigned to an open IP range."
"o2-security-group-unrestricted-ssh","security","sg-0763c80afc2f34e35","2021-06-29T16:48:36.159Z","Cloudticity-Fission-QA","us-east-1","A security group has port 22 (SSH) assigned to an open IP range."
"o2-security-group-unrestricted-ssh","security","sg-09a52ba4c94536839","2021-06-29T16:48:37.003Z","Cloudticity-Fission-QA","us-east-1","A security group has port 22 (SSH) assigned to an open IP range."
"o2-security-group-unrestricted-ssh","security","sg-0e76dc7d9d4a0ee21","2021-06-29T16:48:39.001Z","Cloudticity-Fission-QA","us-east-1","A security group has port 22 (SSH) assigned to an open IP range."
"o2-lambda-latest-runtime","compliance","o2-guardduty-configure","2021-06-29T17:41:10.441Z","Cloudticity-Fission-QA","us-west-2","o2-lambda-latest-runtime"
"o2-ebs-no-recent-snapshot","compliance","vol-0acdb509ea48e9377","2021-07-01T05:42:51.015Z","Cloudticity-Fission-QA","us-west-2","o2-ebs-no-recent-snapshot"
"o2-config-delivery-failure","compliance","-","2021-07-22T16:52:33.592Z","Cloudticity-Fission-QA","us-west-2","o2-config-delivery-failure"
"o2-guardduty-s3-protection","security","96bd68dcf11f75514cc34e3af49308ed","2021-07-23T04:58:02.489Z","Cloudticity-Fission-QA","us-west-2","o2-guardduty-s3-protection"
"o2-ebs-untagged-volume","compliance","vol-074e13c31f18d4345","2021-07-27T10:02:35.687Z","Cloudticity-Fission-QA","us-west-2","Untagged EBS Volume"
"o2-ebs-untagged-volume","compliance","vol-0ef44bdd03acc3b78","2021-07-27T10:02:50.984Z","Cloudticity-Fission-QA","us-west-2","Untagged EBS Volume"
"o2-ebs-untagged-volume","compliance","vol-0f0a530898d978946","2021-07-27T10:03:08.509Z","Cloudticity-Fission-QA","us-west-2","Untagged EBS Volume"
"o2-ebs-untagged-volume","compliance","vol-05cb99d3215c940de","2021-07-27T10:03:24.225Z","Cloudticity-Fission-QA","us-west-2","Untagged EBS Volume"
"o2-ebs-untagged-volume","compliance","vol-040fee521812d95ac","2021-07-27T10:06:29.675Z","Cloudticity-Fission-QA","us-west-2","Untagged EBS Volume"
"o2-ebs-untagged-volume","compliance","vol-05c046a72afbf5cc8","2021-07-27T10:06:43.045Z","Cloudticity-Fission-QA","us-west-2","Untagged EBS Volume"
"o2-ebs-untagged-volume","compliance","vol-06ba69227ff773d20","2021-07-27T10:06:43.529Z","Cloudticity-Fission-QA","us-west-2","Untagged EBS Volume"
"o2-ec2-required-tags","compliance","i-0554254ffd67f7781","2021-07-27T10:06:44.505Z","Cloudticity-Fission-QA","us-west-2","EC2 instance is missing required tags"
"o2-ec2-required-tags","compliance","i-0ff34ad6e4e752401","2021-07-27T10:06:54.986Z","Cloudticity-Fission-QA","us-west-2","EC2 instance is missing required tags"
"o2-ec2-required-tags","compliance","i-004685ede5911d32d","2021-07-27T10:06:57.573Z","Cloudticity-Fission-QA","us-west-2","EC2 instance is missing required tags"
"o2-ebs-no-recent-snapshot","compliance","vol-074e13c31f18d4345","2021-07-29T13:41:23.074Z","Cloudticity-Fission-QA","us-west-2","o2-ebs-no-recent-snapshot"
"o2-ebs-no-recent-snapshot","compliance","vol-0ef44bdd03acc3b78","2021-07-29T13:41:23.188Z","Cloudticity-Fission-QA","us-west-2","o2-ebs-no-recent-snapshot"
"o2-ebs-no-recent-snapshot","compliance","vol-0f0a530898d978946","2021-07-29T13:41:23.272Z","Cloudticity-Fission-QA","us-west-2","o2-ebs-no-recent-snapshot"
"o2-ebs-no-recent-snapshot","compliance","vol-05cb99d3215c940de","2021-07-29T13:41:23.349Z","Cloudticity-Fission-QA","us-west-2","o2-ebs-no-recent-snapshot"
"o2-ebs-no-recent-snapshot","compliance","vol-040fee521812d95ac","2021-07-29T13:41:23.464Z","Cloudticity-Fission-QA","us-west-2","o2-ebs-no-recent-snapshot"
"o2-ebs-no-recent-snapshot","compliance","vol-05c046a72afbf5cc8","2021-07-29T13:41:23.737Z","Cloudticity-Fission-QA","us-west-2","o2-ebs-no-recent-snapshot"
"o2-lambda-latest-runtime","compliance","o2-api-collection-step-accounts","2021-07-30T08:45:04.204Z","Cloudticity-Fission-QA","us-east-1","o2-lambda-latest-runtime"
"o2-lambda-latest-runtime","compliance","o2-api-collection-step-main","2021-07-30T08:45:05.651Z","Cloudticity-Fission-QA","us-east-1","o2-lambda-latest-runtime"
"o2-lambda-latest-runtime","compliance","o2-api-collection-step-region","2021-07-30T08:45:07.771Z","Cloudticity-Fission-QA","us-east-1","o2-lambda-latest-runtime"
"o2-lambda-latest-runtime","compliance","o2-api-collection-v2-auth","2021-07-30T08:45:09.181Z","Cloudticity-Fission-QA","us-east-1","o2-lambda-latest-runtime"
"o2-lambda-latest-runtime","compliance","o2-api-collection-step-service","2021-07-30T08:45:09.647Z","Cloudticity-Fission-QA","us-east-1","o2-lambda-latest-runtime"
"o2-vpc-default-sg-allow-traffic","security","sg-04a354477150d422b","2021-08-02T12:55:53.722Z","Cloudticity-Fission-QA","us-east-1","o2-vpc-default-sg-allow-traffic"
"o2-vpc-default-sg-allow-traffic","security","sg-04afc1ecb1aeada92","2021-08-02T12:55:53.920Z","Cloudticity-Fission-QA","us-east-1","o2-vpc-default-sg-allow-traffic"
"o2-vpc-default-sg-allow-traffic","security","sg-04ce31c019156a24d","2021-08-02T12:55:54.125Z","Cloudticity-Fission-QA","us-east-1","o2-vpc-default-sg-allow-traffic"
"o2-vpc-default-sg-allow-traffic","security","sg-0457bda00ee64a216","2021-08-02T13:12:24.112Z","Cloudticity-Fission-QA","us-west-2","o2-vpc-default-sg-allow-traffic"
"o2-config-delivery-failure","compliance","-","2021-08-02T19:11:46.625Z","Cloudticity-Fission-QA","us-east-1","o2-config-delivery-failure"
"o2-s3-versioning-not-enabled","compliance","aws-logs-203471797812-us-west-2","2021-08-04T07:12:36.750Z","Cloudticity-Fission-QA","us-west-2","S3 bucket versioning is not enabled"
"o2-s3-versioning-not-enabled","compliance","cloudticity-oxygen-utility-reports-qa","2021-08-04T07:12:40.847Z","Cloudticity-Fission-QA","us-east-1","S3 bucket versioning is not enabled"
"o2-s3-versioning-not-enabled","compliance","kiranlogs-access-logs","2021-08-04T07:12:42.264Z","Cloudticity-Fission-QA","us-west-1","S3 bucket versioning is not enabled"
"o2-s3-versioning-not-enabled","compliance","o2-kiranlogs","2021-08-04T07:12:43.976Z","Cloudticity-Fission-QA","us-east-2","S3 bucket versioning is not enabled"
"o2-api-gateway-v1-logging-enabled","compliance","u6f44p9ta8","2021-08-04T07:37:33.153Z","Cloudticity-Fission-QA","us-west-2","o2-api-gateway-v1-logging-enabled"
"o2-api-gateway-v1-logging-enabled","compliance","yk3zlbaag7","2021-08-04T09:02:39.412Z","Cloudticity-Fission-QA","us-west-2","o2-api-gateway-v1-logging-enabled"
"o2-api-gateway-v1-logging-enabled","compliance","yqfcuez9kb","2021-08-04T09:15:56.325Z","Cloudticity-Fission-QA","us-west-2","o2-api-gateway-v1-logging-enabled"
"o2-iam-user-access-key-rotation","security","prabhakar.upadhyay","2021-08-10T01:12:54.104Z","Cloudticity-Fission-QA","us-east-1","o2-iam-user-access-key-rotation"
"o2-api-gateway-v1-logging-enabled","compliance","7y5i63xtkk","2021-08-10T05:39:52.568Z","Cloudticity-Fission-QA","us-east-1","o2-api-gateway-v1-logging-enabled"
"o2-api-gateway-v1-logging-enabled","compliance","cq72g34xbj","2021-08-10T05:39:52.666Z","Cloudticity-Fission-QA","us-east-1","o2-api-gateway-v1-logging-enabled"
"o2-api-gateway-v1-logging-enabled","compliance","gl16ups6v9","2021-08-10T05:39:52.741Z","Cloudticity-Fission-QA","us-east-1","o2-api-gateway-v1-logging-enabled"
"o2-api-gateway-v1-logging-enabled","compliance","pi7bhbf7fe","2021-08-10T05:39:52.830Z","Cloudticity-Fission-QA","us-east-1","o2-api-gateway-v1-logging-enabled"
"o2-api-gateway-v1-logging-enabled","compliance","wm0oeux4z7","2021-08-10T05:39:53.032Z","Cloudticity-Fission-QA","us-east-1","o2-api-gateway-v1-logging-enabled"
"o2-load-balancer-v2-unencrypted-protocol","compliance","arn:aws:elasticloadbalancing:us-east-1:203471797812:loadbalancer/app/o2-api-qa-saas/7794345d0e2e555a","2021-08-17T07:37:16.763Z","Cloudticity-Fission-QA","us-east-1","o2-load-balancer-v2-unencrypted-protocol"
"o2-iam-user-original-access-keys","security","prabhakar.upadhyay2","2021-08-17T11:19:14.873Z","Cloudticity-Fission-QA","us-east-1","o2-iam-user-original-access-keys"
"o2-iam-role-policy-full-admin","security","o2-management-api-qa","2021-08-17T21:44:31.493Z","Cloudticity-Fission-QA","us-east-1","Check for admin policy for a role"
"o2-iam-role-policy-full-admin","security","o2-management-api-qa-saas","2021-08-17T22:00:38.287Z","Cloudticity-Fission-QA","us-east-1","Check for admin policy for a role"
"o2-iam-user-access-key-rotation","security","prabhakar.upadhyay2","2021-08-18T13:13:12.558Z","Cloudticity-Fission-QA","us-east-1","o2-iam-user-access-key-rotation"
"o2-iam-user-original-access-keys","security","kaushik-qa","2021-08-26T09:08:34.873Z","Cloudticity-Fission-QA","us-east-1","o2-iam-user-original-access-keys"
"o2-iam-user-policy-full-admin","security","kaushik-qa","2021-08-26T09:08:34.943Z","Cloudticity-Fission-QA","us-east-1","Check if full admin privileges policy is assigned to user"
"o2-iam-admin-user-no-mfa","security","kaushik-qa","2021-08-26T13:12:58.751Z","Cloudticity-Fission-QA","us-east-1","An IAM user with admin permissions does not have multi-factor authentication enabled"
"o2-iam-user-access-key-rotation","security","kaushik-qa","2021-08-28T13:12:58.935Z","Cloudticity-Fission-QA","us-east-1","o2-iam-user-access-key-rotation"
"o2-load-balancer-v2-unencrypted-protocol","compliance","arn:aws:elasticloadbalancing:us-east-1:203471797812:loadbalancer/app/o2-api-qa/aeb36cf097e7a98e","2021-09-01T07:12:12.412Z","Cloudticity-Fission-QA","us-east-1","o2-load-balancer-v2-unencrypted-protocol"
"o2-ebs-orphaned-volume","cost","vol-074e13c31f18d4345","2021-09-01T07:12:26.031Z","Cloudticity-Fission-QA","us-west-2","An EBS volume is not attached to an instance."
"o2-ebs-orphaned-volume","cost","vol-0ef44bdd03acc3b78","2021-09-01T07:12:26.142Z","Cloudticity-Fission-QA","us-west-2","An EBS volume is not attached to an instance."
"o2-ebs-orphaned-volume","cost","vol-0f0a530898d978946","2021-09-01T07:12:26.277Z","Cloudticity-Fission-QA","us-west-2","An EBS volume is not attached to an instance."
"o2-ebs-orphaned-volume","cost","vol-05cb99d3215c940de","2021-09-01T07:12:26.387Z","Cloudticity-Fission-QA","us-west-2","An EBS volume is not attached to an instance."
"o2-iam-user-original-access-keys","security","o2-api-build-user","2021-09-08T13:13:04.313Z","Cloudticity-Fission-QA","us-east-1","o2-iam-user-original-access-keys"
"o2-iam-user-policy-full-admin","security","harsh-qa","2021-09-09T05:33:39.830Z","Cloudticity-Fission-QA","us-east-1","Check if full admin privileges policy is assigned to user"
"o2-iam-admin-user-no-mfa","security","harsh-qa","2021-09-09T07:12:59.444Z","Cloudticity-Fission-QA","us-east-1","An IAM user with admin permissions does not have multi-factor authentication enabled"
"o2-api-gateway-v1-logging-enabled","compliance","m3kr0x5n1i","2021-09-16T09:00:14.304Z","Cloudticity-Fission-QA","us-east-1","o2-api-gateway-v1-logging-enabled"
"o2-s3-logging-not-enabled","compliance","o2-support-data-qa","2021-09-16T10:16:04.936Z","Cloudticity-Fission-QA","us-east-1","S3 bucket does not have logging enabled"
"o2-s3-versioning-not-enabled","compliance","o2-support-data-qa","2021-09-16T10:16:05.074Z","Cloudticity-Fission-QA","us-east-1","S3 bucket versioning is not enabled"
"o2-lambda-latest-runtime","compliance","o2-support-cors","2021-09-16T13:12:30.043Z","Cloudticity-Fission-QA","us-east-1","o2-lambda-latest-runtime"
"o2-lambda-latest-runtime","compliance","o2-api-support","2021-09-16T13:12:31.444Z","Cloudticity-Fission-QA","us-east-1","o2-lambda-latest-runtime"
"o2-lambda-latest-runtime","compliance","o2-support-authorizer-v3","2021-09-16T13:12:33.725Z","Cloudticity-Fission-QA","us-east-1","o2-lambda-latest-runtime"
"o2-lambda-latest-runtime","compliance","o2-generate-report","2021-09-20T19:12:51.714Z","Cloudticity-Fission-QA","us-east-1","o2-lambda-latest-runtime"
"o2-lambda-latest-runtime","compliance","o2-management-generate-report","2021-09-20T19:13:22.715Z","Cloudticity-Fission-QA","us-east-1","o2-lambda-latest-runtime"
"o2-cloudformation-drift-detected","compliance","O2CoverageReportStack","2021-09-21T01:11:58.047Z","Cloudticity-Fission-QA","us-east-1","o2-cloudformation-drift-detected"
"o2-iam-admin-user-no-mfa","security","prabhakar.upadhyay","2021-09-28T12:33:34.334Z","Cloudticity-Fission-QA","us-east-1","An IAM user with admin permissions does not have multi-factor authentication enabled"
"o2-iam-user-policy-full-admin","security","prabhakar.upadhyay","2021-09-28T12:33:34.548Z","Cloudticity-Fission-QA","us-east-1","Check if full admin privileges policy is assigned to user"
"o2-s3-logging-not-enabled","compliance","aws-cloudtrail-logs-203471797812-e6cd9fda","2021-09-29T11:12:38.250Z","Cloudticity-Fission-QA","us-east-1","S3 bucket does not have logging enabled"
"o2-s3-versioning-not-enabled","compliance","aws-cloudtrail-logs-203471797812-e6cd9fda","2021-09-29T11:12:38.471Z","Cloudticity-Fission-QA","us-east-1","S3 bucket versioning is not enabled"
"o2-iam-admin-user-no-mfa","security","prabhakar.upadhyay2","2021-09-29T12:20:13.242Z","Cloudticity-Fission-QA","us-east-1","An IAM user with admin permissions does not have multi-factor authentication enabled"
"o2-iam-user-policy-full-admin","security","prabhakar.upadhyay2","2021-09-29T12:20:13.462Z","Cloudticity-Fission-QA","us-east-1","Check if full admin privileges policy is assigned to user"
"o2-iam-user-access-key-rotation","security","harsh-qa","2021-10-06T13:12:57.847Z","Cloudticity-Fission-QA","us-east-1","o2-iam-user-access-key-rotation"
"o2-vpc-no-flowlog","compliance","vpc-080165676270c1359","2021-10-11T07:12:03.813Z","Cloudticity-Fission-QA","us-east-1","o2-vpc-no-flowlog"
"o2-vpc-no-flowlog","compliance","vpc-0aceda3fd50665faa","2021-10-11T07:12:08.919Z","Cloudticity-Fission-QA","us-east-1","o2-vpc-no-flowlog"
"o2-vpc-no-flowlog","compliance","vpc-02a7b69ba14f7c920","2021-10-11T07:12:26.326Z","Cloudticity-Fission-QA","us-west-2","o2-vpc-no-flowlog"
"o2-load-balancer-v1-no-access-log","compliance","test-periodic","2021-10-11T11:06:14.722Z","Cloudticity-Fission-QA","us-west-2","o2-load-balancer-v1-no-access-log"
"o2-load-balancer-v1-security-policy","security","test-periodic","2021-10-11T11:06:14.811Z","Cloudticity-Fission-QA","us-west-2","o2-load-balancer-v1-security-policy"
"o2-security-group-unrestricted-ssh","security","sg-032d3bbe4a4da5c7d","2021-10-14T10:39:56.931Z","Cloudticity-Fission-QA","us-east-1","A security group has port 22 (SSH) assigned to an open IP range."
"o2-ebs-no-recent-snapshot","compliance","vol-0d517fc3a2d8a3103","2021-10-18T07:12:37.729Z","Cloudticity-Fission-QA","us-west-2","o2-ebs-no-recent-snapshot"
"o2-ebs-no-recent-snapshot","compliance","vol-056ab1620e2999726","2021-10-18T07:12:38.458Z","Cloudticity-Fission-QA","us-west-2","o2-ebs-no-recent-snapshot"
"o2-cloudtrail-unauthorized-access","security","sanjuAROAS6X65HY2OJAV2BVCS:o2-management-metric-collection","2021-10-21T02:01:12.521Z","Cloudticity-Fission-QA","us-east-1","o2-cloudtrail-unauthorized-access"
"o2-load-balancer-v2-security-policy","security","arn:aws:elasticloadbalancing:us-east-1:203471797812:loadbalancer/app/o2-api-qa/aeb36cf097e7a98e","2021-11-05T13:12:13.276Z","Cloudticity-Fission-QA","us-east-1","o2-load-balancer-v2-security-policy"
"o2-load-balancer-v2-security-policy","security","arn:aws:elasticloadbalancing:us-east-1:203471797812:loadbalancer/app/Redirect-Test/5866ee596696a1f1","2021-11-05T13:12:13.596Z","Cloudticity-Fission-QA","us-east-1","o2-load-balancer-v2-security-policy"
"o2-load-balancer-v2-security-policy","security","arn:aws:elasticloadbalancing:us-west-2:203471797812:loadbalancer/app/o2-api-qa/5a2fa2110835f865","2021-11-05T13:12:20.107Z","Cloudticity-Fission-QA","us-west-2","o2-load-balancer-v2-security-policy"
"o2-cloudformation-drift-detected","compliance","O2ManagementApiCollectionStack","2021-11-05T19:11:53.969Z","Cloudticity-Fission-QA","us-east-1","o2-cloudformation-drift-detected"
"o2-s3-logging-not-enabled","compliance","test-harsh-cf-01","2021-11-08T04:22:47.653Z","Cloudticity-Fission-QA","us-east-1","S3 bucket does not have logging enabled"
"o2-s3-versioning-not-enabled","compliance","test-harsh-cf-01","2021-11-08T04:22:47.808Z","Cloudticity-Fission-QA","us-east-1","S3 bucket versioning is not enabled"
"o2-cloudfront-tls-latest","security","EWWB4BOQXO8S7","2021-11-08T07:11:46.551Z","Cloudticity-Fission-QA","us-east-1","o2-cloudfront-tls-latest"
"o2-cloudfront-no-logging","compliance","EHZYA7TMNB5XI","2021-11-09T11:54:57.427Z","Cloudticity-Fission-QA","us-east-1","Cloudfront Distribution does not have logging enabled"
"o2-cloudfront-tls-latest","security","EHZYA7TMNB5XI","2021-11-09T11:56:16.902Z","Cloudticity-Fission-QA","us-east-1","o2-cloudfront-tls-latest"
"o2-cloudfront-no-logging","compliance","EHZYA7TMNB5XI","2021-11-09T13:12:13.994Z","Cloudticity-Fission-QA","us-west-2","Cloudfront Distribution does not have logging enabled"
"o2-s3-versioning-not-enabled","compliance","ask001","2021-11-09T15:31:24.759Z","Cloudticity-Fission-QA","us-east-1","S3 bucket versioning is not enabled"
"o2-s3-versioning-not-enabled","compliance","apple1011001","2021-11-10T03:42:07.301Z","Cloudticity-Fission-QA","us-east-1","S3 bucket versioning is not enabled"
"o2-s3-required-tags","compliance","aws-cloudtrail-logs-203471797812-e6cd9fda","2021-11-10T07:12:35.860Z","Cloudticity-Fission-QA","us-east-1","o2-s3-required-tags"
"o2-s3-required-tags","compliance","cf-templates-1moyp2eikofcd-us-east-2","2021-11-10T07:12:37.637Z","Cloudticity-Fission-QA","us-east-2","o2-s3-required-tags"
"o2-s3-required-tags","compliance","cf-templates-1moyp2eikofcd-us-west-1","2021-11-10T07:12:37.847Z","Cloudticity-Fission-QA","us-west-1","o2-s3-required-tags"
"o2-s3-required-tags","compliance","cloudticity-o2-ap-south-1-qa","2021-11-10T07:12:39.249Z","Cloudticity-Fission-QA","ap-south-1","o2-s3-required-tags"
"o2-s3-required-tags","compliance","cloudticity-o2-us-west-2-qa","2021-11-10T07:12:40.295Z","Cloudticity-Fission-QA","us-west-2","o2-s3-required-tags"
"o2-s3-required-tags","compliance","cloudticity-oxygen-utility-reports-qa","2021-11-10T07:12:40.963Z","Cloudticity-Fission-QA","us-east-1","o2-s3-required-tags"
"o2-s3-required-tags","compliance","o2-203471797812-ap-south-1-access-logs","2021-11-10T07:12:42.679Z","Cloudticity-Fission-QA","ap-south-1","o2-s3-required-tags"
"o2-s3-required-tags","compliance","o2-support-data-qa","2021-11-10T07:12:46.878Z","Cloudticity-Fission-QA","us-east-1","o2-s3-required-tags"
"o2-s3-required-tags","compliance","o2-vpc-flowlogs-203471797812-us-east-1","2021-11-10T07:12:47.897Z","Cloudticity-Fission-QA","us-east-1","o2-s3-required-tags"
"o2-s3-required-tags","compliance","test-harsh-cf-01","2021-11-10T07:12:49.732Z","Cloudticity-Fission-QA","us-east-1","o2-s3-required-tags"
"o2-s3-required-tags","compliance","apletestw1111","2021-11-11T04:35:04.970Z","Cloudticity-Fission-QA","us-east-1","o2-s3-required-tags"
"o2-s3-versioning-not-enabled","compliance","apletestw1111","2021-11-11T04:35:05.039Z","Cloudticity-Fission-QA","us-east-1","S3 bucket versioning is not enabled"
"o2-s3-required-tags","compliance","aws-cloudtrail-logs-203471797812-4ac6b5a9","2021-11-15T14:05:34.584Z","Cloudticity-Fission-QA","us-west-2","o2-s3-required-tags"
"o2-s3-versioning-not-enabled","compliance","aws-cloudtrail-logs-203471797812-4ac6b5a9","2021-11-15T14:05:34.658Z","Cloudticity-Fission-QA","us-west-2","S3 bucket versioning is not enabled"
"o2-s3-required-tags","compliance","o2-vpc-flowlogs-203471797812-us-west-2","2021-11-15T14:09:31.043Z","Cloudticity-Fission-QA","us-west-2","o2-s3-required-tags"
"o2-iam-admin-user-no-mfa","security","vijay-qa","2021-11-15T19:13:11.753Z","Cloudticity-Fission-QA","us-east-1","An IAM user with admin permissions does not have multi-factor authentication enabled"
"o2-iam-user-no-group-assignment","security","vijay-qa","2021-11-15T19:13:11.832Z","Cloudticity-Fission-QA","us-east-1","o2-iam-user-no-group-assignment"
"o2-iam-user-policy-full-admin","security","vijay-qa","2021-11-15T19:13:11.977Z","Cloudticity-Fission-QA","us-east-1","Check if full admin privileges policy is assigned to user"
"o2-s3-required-tags","compliance","apletest1711001del","2021-11-17T03:22:11.678Z","Cloudticity-Fission-QA","us-east-1","o2-s3-required-tags"
"o2-s3-versioning-not-enabled","compliance","apletest1711001del","2021-11-17T03:22:11.715Z","Cloudticity-Fission-QA","us-east-1","S3 bucket versioning is not enabled"
"o2-s3-versioning-not-enabled","compliance","atest1711009","2021-11-17T03:42:45.626Z","Cloudticity-Fission-QA","us-east-1","S3 bucket versioning is not enabled"
"o2-iam-user-policy-full-admin","security","qa-testing","2021-11-18T05:11:22.970Z","Cloudticity-Fission-QA","us-east-1","Check if full admin privileges policy is assigned to user"
"o2-load-balancer-v1-no-access-log","compliance","sanjuDTest1","2021-11-18T08:16:00.696Z","Cloudticity-Fission-QA","us-east-1","o2-load-balancer-v1-no-access-log"
"o2-load-balancer-v2-no-access-log","compliance","arn:aws:elasticloadbalancing:us-east-1:203471797812:loadbalancer/app/sanjuv2del/ba278b12a20a93db","2021-11-18T10:04:19.793Z","Cloudticity-Fission-QA","us-east-1","o2-load-balancer-v2-no-access-log"
"o2-iam-user-no-group-assignment","security","test-user-cleanup","2021-11-18T10:50:54.418Z","Cloudticity-Fission-QA","us-east-1","o2-iam-user-no-group-assignment"
"o2-rds-db-instance-no-ssl","security","test-cleanup2","2021-11-18T13:10:52.844Z","Cloudticity-Fission-QA","us-east-1","RDS DB Instances Not Enforcing SSL Connections"
"o2-kinesis-stream-no-encryption","security","test-stream-cleanup","2021-11-18T13:11:55.195Z","Cloudticity-Fission-QA","us-east-1","A Kinesis stream is not configured to use server side encryption"
"o2-iam-admin-user-no-mfa","security","qa-testing","2021-11-18T13:13:10.621Z","Cloudticity-Fission-QA","us-east-1","An IAM user with admin permissions does not have multi-factor authentication enabled"
"o2-iam-role-policy-full-admin","security","cleanup-lambda-test","2021-11-18T13:13:16.350Z","Cloudticity-Fission-QA","us-east-1","Check for admin policy for a role"
"o2-iam-role-policy-full-admin","security","test-admin-fullaccess2","2021-11-18T13:13:44.510Z","Cloudticity-Fission-QA","us-east-1","Check for admin policy for a role"
"o2-s3-versioning-not-enabled","compliance","paramtestbag55","2021-11-19T06:16:30.246Z","Cloudticity-Fission-QA","us-east-1","S3 bucket versioning is not enabled"
"o2-ec2-unmanaged-instance","compliance","i-07814b16ee3a205ca","2021-11-19T07:04:25.037Z","Cloudticity-Fission-QA","us-east-1","o2-ec2-unmanaged-instance"
"o2-security-group-unrestricted-ssh","security","sg-0d5a5e218914c5419","2021-11-19T07:04:30.145Z","Cloudticity-Fission-QA","us-east-1","A security group has port 22 (SSH) assigned to an open IP range."
"o2-s3-versioning-not-enabled","compliance","paramkolkata001","2021-11-19T10:48:24.615Z","Cloudticity-Fission-QA","us-east-1","S3 bucket versioning is not enabled"
"o2-sqs-open-access","security","https://sqs.us-east-1.amazonaws.com/203471797812/test-queue-for-cleanup","2021-11-19T11:47:17.333Z","Cloudticity-Fission-QA","us-east-1","An SQS queue has permissions set to everyone"
"o2-security-group-unrestricted-ssh","security","sg-04a26b61e898844c8","2021-11-19T12:21:36.879Z","Cloudticity-Fission-QA","us-east-1","A security group has port 22 (SSH) assigned to an open IP range."
"o2-security-group-unrestricted-ssh","security","sg-065ba21b6c9cb2450","2021-11-19T12:21:38.130Z","Cloudticity-Fission-QA","us-east-1","A security group has port 22 (SSH) assigned to an open IP range."
"o2-security-group-unrestricted-ssh","security","sg-082ddf7de417dddb9","2021-11-19T12:21:38.682Z","Cloudticity-Fission-QA","us-east-1","A security group has port 22 (SSH) assigned to an open IP range."
"o2-security-group-unrestricted-ssh","security","sg-0b3d190c4bf394393","2021-11-19T12:21:39.420Z","Cloudticity-Fission-QA","us-east-1","A security group has port 22 (SSH) assigned to an open IP range."
"o2-security-group-unrestricted-ssh","security","sg-0e4b1e100907d329e","2021-11-19T12:21:40.709Z","Cloudticity-Fission-QA","us-east-1","A security group has port 22 (SSH) assigned to an open IP range."
"o2-security-group-unrestricted-ssh","security","sg-0eca1571f8affec4a","2021-11-19T12:21:40.863Z","Cloudticity-Fission-QA","us-east-1","A security group has port 22 (SSH) assigned to an open IP range."
"o2-security-group-unrestricted-rdp","security","sg-07169b08a35d7a4bf","2021-11-19T13:12:34.100Z","Cloudticity-Fission-QA","us-west-2","A security group has port 3389 (RDP) assigned to an open IP range."
"o2-security-group-unrestricted-rdp","security","sg-09c8832af865df5d6","2021-11-19T13:12:34.872Z","Cloudticity-Fission-QA","us-west-2","A security group has port 3389 (RDP) assigned to an open IP range."
"o2-s3-logging-not-enabled","compliance","aws-cloudtrail-logs-203471797812-0d7d75c9","2021-11-19T13:12:48.430Z","Cloudticity-Fission-QA","us-east-1","S3 bucket does not have logging enabled"
"o2-s3-required-tags","compliance","aws-cloudtrail-logs-203471797812-0d7d75c9","2021-11-19T13:12:48.484Z","Cloudticity-Fission-QA","us-east-1","o2-s3-required-tags"
"o2-s3-versioning-not-enabled","compliance","aws-cloudtrail-logs-203471797812-0d7d75c9","2021-11-19T13:12:48.510Z","Cloudticity-Fission-QA","us-east-1","S3 bucket versioning is not enabled"
"o2-s3-logging-not-enabled","compliance","aws-cloudtrail-logs-203471797812-7334785c","2021-11-19T13:12:48.820Z","Cloudticity-Fission-QA","us-east-1","S3 bucket does not have logging enabled"
"o2-s3-required-tags","compliance","aws-cloudtrail-logs-203471797812-7334785c","2021-11-19T13:12:48.880Z","Cloudticity-Fission-QA","us-east-1","o2-s3-required-tags"
"o2-s3-versioning-not-enabled","compliance","aws-cloudtrail-logs-203471797812-7334785c","2021-11-19T13:12:48.917Z","Cloudticity-Fission-QA","us-east-1","S3 bucket versioning is not enabled"
"o2-s3-versioning-not-enabled","compliance","test-cleanup-1","2021-11-20T13:49:01.470Z","Cloudticity-Fission-QA","us-east-1","S3 bucket versioning is not enabled"
"o2-s3-versioning-not-enabled","compliance","test-cleanup-2","2021-11-20T16:05:26.518Z","Cloudticity-Fission-QA","us-east-1","S3 bucket versioning is not enabled"
"o2-iam-user-no-recent-activity","security","qa-testing","2021-11-22T13:13:20.598Z","Cloudticity-Fission-QA","us-east-1","o2-iam-user-no-recent-activity"
"o2-iam-user-original-access-keys","security","rajeshwar-qa","2021-11-24T07:23:27.233Z","Cloudticity-Fission-QA","us-east-1","o2-iam-user-original-access-keys"
"o2-iam-user-policy-full-admin","security","rajeshwar-qa","2021-11-24T07:23:27.300Z","Cloudticity-Fission-QA","us-east-1","Check if full admin privileges policy is assigned to user"
"o2-iam-admin-user-no-mfa","security","rajeshwar-qa","2021-11-24T13:13:05.807Z","Cloudticity-Fission-QA","us-east-1","An IAM user with admin permissions does not have multi-factor authentication enabled"
"o2-s3-block-public-access","security","applet0101","2021-11-24T15:28:10.524Z","Cloudticity-Fission-QA","us-east-1","o2-s3-block-public-access"
"o2-s3-block-public-access","security","app25112021001","2021-11-25T04:38:58.248Z","Cloudticity-Fission-QA","us-east-1","o2-s3-block-public-access"
"o2-s3-block-public-access","security","rajeshwar-9","2021-11-25T05:14:39.779Z","Cloudticity-Fission-QA","us-east-1","o2-s3-block-public-access"
"o2-iam-user-no-group-assignment","security","prabhakar.upadhyay2","2021-11-25T11:34:18.733Z","Cloudticity-Fission-QA","us-east-1","o2-iam-user-no-group-assignment"
"o2-s3-block-public-access","security","cloudticity-o2-us-east-1-qa","2021-11-25T12:00:13.999Z","Cloudticity-Fission-QA","us-east-1","o2-s3-block-public-access"
"o2-s3-block-public-access","security","cf-template101","2021-11-25T12:46:58.515Z","Cloudticity-Fission-QA","us-east-1","o2-s3-block-public-access"
"o2-s3-block-public-access","security","aws-logs-203471797812-us-east-1","2021-11-25T12:50:54.388Z","Cloudticity-Fission-QA","us-east-1","o2-s3-block-public-access"
"o2-s3-block-public-access","security","aws-logs-203471797812-us-west-2","2021-11-25T12:51:39.779Z","Cloudticity-Fission-QA","us-west-2","o2-s3-block-public-access"
"o2-s3-block-public-access","security","cf-templates-1moyp2eikofcd-us-east-1","2021-11-25T12:52:37.201Z","Cloudticity-Fission-QA","us-east-1","o2-s3-block-public-access"
"o2-s3-block-public-access","security","cf-templates-1moyp2eikofcd-us-west-2","2021-11-25T12:55:08.769Z","Cloudticity-Fission-QA","us-west-2","o2-s3-block-public-access"
"o2-s3-block-public-access","security","cloudticity-fission-qa-config","2021-11-25T12:55:24.869Z","Cloudticity-Fission-QA","us-east-1","o2-s3-block-public-access"
"o2-s3-block-public-access","security","cloudticity-fission-qa-eks","2021-11-25T12:58:06.066Z","Cloudticity-Fission-QA","us-east-1","o2-s3-block-public-access"
"o2-s3-block-public-access","security","cloudticity-fission-qa-eks-code","2021-11-25T12:58:19.976Z","Cloudticity-Fission-QA","us-east-1","o2-s3-block-public-access"
"o2-s3-block-public-access","security","cloudticity-o2-us-west-2-qa","2021-11-25T13:00:27.890Z","Cloudticity-Fission-QA","us-west-2","o2-s3-block-public-access"
"o2-s3-block-public-access","security","cloudticity-oxygen-qa-static-files","2021-11-25T13:00:41.243Z","Cloudticity-Fission-QA","us-east-1","o2-s3-block-public-access"
"o2-s3-block-public-access","security","cloudticity-oxygen-qa-static-files-west-2","2021-11-25T13:01:21.000Z","Cloudticity-Fission-QA","us-west-2","o2-s3-block-public-access"
"o2-s3-block-public-access","security","codepipeline-us-east-1-130467292451","2021-11-25T13:03:21.699Z","Cloudticity-Fission-QA","us-east-1","o2-s3-block-public-access"
"o2-s3-block-public-access","security","ct-public-utilities","2021-11-25T13:06:00.799Z","Cloudticity-Fission-QA","us-east-1","o2-s3-block-public-access"
"o2-s3-block-public-access","security","codepipeline-us-west-2-346959927627","2021-11-25T13:06:16.232Z","Cloudticity-Fission-QA","us-west-2","o2-s3-block-public-access"
"o2-s3-block-public-access","security","cloudticity-o2-reports-qa","2021-11-25T13:10:04.350Z","Cloudticity-Fission-QA","us-east-1","o2-s3-block-public-access"
"o2-s3-block-public-access","security","cf-templates-1moyp2eikofcd-us-east-2","2021-11-25T13:12:50.081Z","Cloudticity-Fission-QA","us-east-2","o2-s3-block-public-access"
"o2-s3-block-public-access","security","cf-templates-1moyp2eikofcd-us-west-1","2021-11-25T13:12:50.374Z","Cloudticity-Fission-QA","us-west-1","o2-s3-block-public-access"
"o2-s3-block-public-access","security","cloudticity-o2-ap-south-1-qa","2021-11-25T13:12:52.367Z","Cloudticity-Fission-QA","ap-south-1","o2-s3-block-public-access"
"o2-s3-block-public-access","security","cloudticity-o2-us-east-2-qa","2021-11-25T13:12:53.558Z","Cloudticity-Fission-QA","us-east-2","o2-s3-block-public-access"
"o2-s3-block-public-access","security","cloudticity-o2-us-west-1-qa","2021-11-25T13:12:53.974Z","Cloudticity-Fission-QA","us-west-1","o2-s3-block-public-access"
"o2-s3-block-public-access","security","o2-203471797812-ap-south-1-access-logs","2021-11-25T13:12:56.779Z","Cloudticity-Fission-QA","ap-south-1","o2-s3-block-public-access"
"o2-s3-block-public-access","security","o2-managed-kubernetes","2021-11-25T13:13:39.973Z","Cloudticity-Fission-QA","us-east-1","o2-s3-block-public-access"
"o2-s3-block-public-access","security","o2-support-data-qa","2021-11-25T13:13:58.023Z","Cloudticity-Fission-QA","us-east-1","o2-s3-block-public-access"
"o2-s3-block-public-access","security","o2-vpc-flowlogs-203471797812-us-east-1","2021-11-25T13:14:13.106Z","Cloudticity-Fission-QA","us-east-1","o2-s3-block-public-access"
"o2-s3-block-public-access","security","o2-vpc-flowlogs-203471797812-us-west-2","2021-11-25T13:14:43.342Z","Cloudticity-Fission-QA","us-west-2","o2-s3-block-public-access"
"o2-s3-block-public-access","security","o2-cloudticity-config-qa-st","2021-11-25T13:17:20.791Z","Cloudticity-Fission-QA","us-east-1","o2-s3-block-public-access"
"o2-s3-block-public-access","security","o2-cloudticity-config-qa","2021-11-25T13:17:34.076Z","Cloudticity-Fission-QA","us-east-1","o2-s3-block-public-access"
"o2-s3-block-public-access","security","o2-account-configuration-o2secur-cloudtrailbucket-f73p1zo9rozj","2021-11-25T13:17:48.316Z","Cloudticity-Fission-QA","us-east-1","o2-s3-block-public-access"
"o2-s3-block-public-access","security","o2-203471797812-us-west-2-access-logs","2021-11-25T13:18:06.787Z","Cloudticity-Fission-QA","us-west-2","o2-s3-block-public-access"
"o2-s3-block-public-access","security","o2-203471797812-us-east-1-access-logs","2021-11-25T13:18:18.962Z","Cloudticity-Fission-QA","us-east-1","o2-s3-block-public-access"
"o2-s3-block-public-access","security","o2-203471797812-debotest-cloudtrail","2021-11-25T13:19:00.328Z","Cloudticity-Fission-QA","us-east-1","o2-s3-block-public-access"
"o2-s3-block-public-access","security","o2-203471797812-cloudtrail-access-logs","2021-11-25T13:22:37.050Z","Cloudticity-Fission-QA","us-east-1","o2-s3-block-public-access"
"o2-s3-block-public-access","security","test-bucket-history-hrs","2021-11-26T12:39:42.134Z","Cloudticity-Fission-QA","us-east-1","o2-s3-block-public-access"
"o2-s3-logging-not-enabled","compliance","test-bucket-history-hrs","2021-11-26T12:39:42.274Z","Cloudticity-Fission-QA","us-east-1","S3 bucket does not have logging enabled"
"o2-s3-versioning-not-enabled","compliance","test-bucket-history-hrs","2021-11-26T12:39:42.435Z","Cloudticity-Fission-QA","us-east-1","S3 bucket versioning is not enabled"
"o2-iam-user-access-key-rotation","security","rajeshwar-qa","2021-11-26T19:13:02.900Z","Cloudticity-Fission-QA","us-east-1","o2-iam-user-access-key-rotation"
"o2-iam-user-no-group-assignment","security","kiran.thoodi","2021-11-29T10:00:45.592Z","Cloudticity-Fission-QA","us-east-1","o2-iam-user-no-group-assignment"
"o2-elasticache-encryption-at-rest","security","frameworkredis","2021-12-06T13:04:07.832Z","Cloudticity-Fission-QA","us-east-1","o2-elasticache-encryption-at-rest"
"o2-elasticache-encryption-in-transit","compliance","frameworkredis","2021-12-06T13:23:56.478Z","Cloudticity-Fission-QA","us-east-1","o2-elasticache-encryption-in-transit"
"o2-lambda-admin-privileges","security","cognitoMigration","2022-01-03T13:12:16.237Z","Cloudticity-Fission-QA","us-east-1","o2-lambda-admin-privileges"
"o2-ebs-gp2-volume","cost","vol-0aa24ad04570ea861","2022-01-12T07:12:05.636Z","Cloudticity-Fission-QA","us-east-1","o2-ebs-gp2-volume "
"o2-ebs-gp2-volume","cost","vol-0acdb509ea48e9377","2022-01-12T07:12:36.382Z","Cloudticity-Fission-QA","us-west-2","o2-ebs-gp2-volume "
"o2-ebs-gp2-volume","cost","vol-0d517fc3a2d8a3103","2022-01-12T07:12:36.597Z","Cloudticity-Fission-QA","us-west-2","o2-ebs-gp2-volume "
"o2-ebs-gp2-volume","cost","vol-056ab1620e2999726","2022-01-12T07:12:36.804Z","Cloudticity-Fission-QA","us-west-2","o2-ebs-gp2-volume "
"o2-ebs-gp2-volume","cost","vol-074e13c31f18d4345","2022-01-12T07:12:37.020Z","Cloudticity-Fission-QA","us-west-2","o2-ebs-gp2-volume "
"o2-ebs-gp2-volume","cost","vol-0ef44bdd03acc3b78","2022-01-12T07:12:37.249Z","Cloudticity-Fission-QA","us-west-2","o2-ebs-gp2-volume "
"o2-ebs-gp2-volume","cost","vol-0f0a530898d978946","2022-01-12T07:12:37.429Z","Cloudticity-Fission-QA","us-west-2","o2-ebs-gp2-volume "
"o2-ebs-gp2-volume","cost","vol-05cb99d3215c940de","2022-01-12T07:12:37.586Z","Cloudticity-Fission-QA","us-west-2","o2-ebs-gp2-volume "
"o2-ebs-gp2-volume","cost","vol-040fee521812d95ac","2022-01-12T07:12:37.734Z","Cloudticity-Fission-QA","us-west-2","o2-ebs-gp2-volume "
"o2-ebs-gp2-volume","cost","vol-06ba69227ff773d20","2022-01-12T07:12:37.974Z","Cloudticity-Fission-QA","us-west-2","o2-ebs-gp2-volume "
"o2-ebs-gp2-volume","cost","vol-05c046a72afbf5cc8","2022-01-12T07:12:38.144Z","Cloudticity-Fission-QA","us-west-2","o2-ebs-gp2-volume "
"o2-ebs-gp2-volume","cost","vol-0878afd322a0a5748","2022-01-12T10:27:08.338Z","Cloudticity-Fission-QA","us-east-1","o2-ebs-gp2-volume "
"o2-ebs-untagged-volume","compliance","vol-0878afd322a0a5748","2022-01-12T10:27:08.428Z","Cloudticity-Fission-QA","us-east-1","Untagged EBS Volume"
"o2-ebs-orphaned-volume","cost","vol-0878afd322a0a5748","2022-01-12T13:12:07.561Z","Cloudticity-Fission-QA","us-east-1","An EBS volume is not attached to an instance."
"o2-ebs-no-recent-snapshot","compliance","vol-0878afd322a0a5748","2022-01-14T13:12:07.721Z","Cloudticity-Fission-QA","us-east-1","o2-ebs-no-recent-snapshot"
"o2-security-group-unrestricted-ssh","security","sg-08c3712a5ef56381a","2022-01-19T08:45:30.418Z","Cloudticity-Fission-QA","us-east-1","A security group has port 22 (SSH) assigned to an open IP range."
"o2-s3-required-tags","compliance","o2-203471797812-guardduty-findings-us-east-1","2022-01-19T11:29:43.216Z","Cloudticity-Fission-QA","us-east-1","o2-s3-required-tags"
"o2-s3-versioning-not-enabled","compliance","o2-203471797812-guardduty-findings-us-east-1","2022-01-19T11:29:43.279Z","Cloudticity-Fission-QA","us-east-1","S3 bucket versioning is not enabled"
"o2-rds-db-instance-required-tags","compliance","rr-database-1-instance-1","2022-02-02T06:15:15.392Z","Cloudticity-Fission-QA","us-east-1","o2-rds-db-instance-required-tags"
"o2-rds-db-instance-required-tags","compliance","testsnap001","2022-02-02T11:02:49.119Z","Cloudticity-Fission-QA","us-east-1","o2-rds-db-instance-required-tags"
"o2-rds-db-instance-required-tags","compliance","testsnap002","2022-02-03T08:34:43.894Z","Cloudticity-Fission-QA","us-east-1","o2-rds-db-instance-required-tags"
"o2-load-balancer-v1-security-policy","security","test-elb1","2022-02-18T11:27:58.541Z","Cloudticity-Fission-QA","us-east-1","o2-load-balancer-v1-security-policy"
"o2-load-balancer-v2-no-access-log","compliance","arn:aws:elasticloadbalancing:us-east-1:203471797812:loadbalancer/app/test-elb-policy/af1b1f15021ce21b","2022-02-18T11:56:12.756Z","Cloudticity-Fission-QA","us-east-1","o2-load-balancer-v2-no-access-log"
"o2-load-balancer-v2-security-policy","security","arn:aws:elasticloadbalancing:us-east-1:203471797812:loadbalancer/app/test-elb-policy/af1b1f15021ce21b","2022-02-18T11:56:12.849Z","Cloudticity-Fission-QA","us-east-1","o2-load-balancer-v2-security-policy"
"o2-load-balancer-v1-no-access-log","compliance","test-18","2022-02-18T12:23:52.365Z","Cloudticity-Fission-QA","us-east-1","o2-load-balancer-v1-no-access-log"
"o2-load-balancer-v1-security-policy","security","test-18","2022-02-18T12:23:52.470Z","Cloudticity-Fission-QA","us-east-1","o2-load-balancer-v1-security-policy"
"o2-iam-user-policy-full-admin","security","subham-qa","2022-02-24T06:17:06.471Z","Cloudticity-Fission-QA","us-east-1","Check if full admin privileges policy is assigned to user"
"o2-iam-admin-user-no-mfa","security","subham-qa","2022-02-24T07:13:14.107Z","Cloudticity-Fission-QA","us-east-1","An IAM user with admin permissions does not have multi-factor authentication enabled"
"o2-s3-default-encryption","security","aws-cloudtrail-logs-203471797812-0d7d75c9","2022-02-25T07:12:49.624Z","Cloudticity-Fission-QA","us-east-1","An S3 bucket does not have default encryption configured."
"o2-s3-default-encryption","security","aws-cloudtrail-logs-203471797812-7334785c","2022-02-25T07:12:50.407Z","Cloudticity-Fission-QA","us-east-1","An S3 bucket does not have default encryption configured."
"o2-s3-default-encryption","security","aws-cloudtrail-logs-203471797812-e6cd9fda","2022-02-25T07:12:50.668Z","Cloudticity-Fission-QA","us-east-1","An S3 bucket does not have default encryption configured."
"o2-s3-default-encryption","security","aws-logs-203471797812-us-west-2","2022-02-25T07:12:51.187Z","Cloudticity-Fission-QA","us-west-2","An S3 bucket does not have default encryption configured."
"o2-s3-default-encryption","security","cloudticity-o2-ap-south-1-qa","2022-02-25T07:12:53.506Z","Cloudticity-Fission-QA","ap-south-1","An S3 bucket does not have default encryption configured."
"o2-s3-default-encryption","security","cloudticity-oxygen-utility-reports-qa","2022-02-25T07:12:55.102Z","Cloudticity-Fission-QA","us-east-1","An S3 bucket does not have default encryption configured."
"o2-s3-default-encryption","security","o2-support-data-qa","2022-02-25T07:12:58.393Z","Cloudticity-Fission-QA","us-east-1","An S3 bucket does not have default encryption configured."
"o2-s3-default-encryption","security","test-bucket-history-hrs","2022-02-25T07:12:59.538Z","Cloudticity-Fission-QA","us-east-1","An S3 bucket does not have default encryption configured."
"o2-s3-default-encryption","security","test-harsh-cf-01","2022-02-25T07:12:59.783Z","Cloudticity-Fission-QA","us-east-1","An S3 bucket does not have default encryption configured."
"o2-iam-user-no-recent-activity","security","kiran.thoodi","2022-03-11T07:12:49.886Z","Cloudticity-Fission-QA","us-east-1","o2-iam-user-no-recent-activity"
"o2-s3-logging-not-enabled","compliance","cf-templates-1moyp2eikofcd-us-west-1","2022-03-14T13:12:56.736Z","Cloudticity-Fission-QA","us-west-1","S3 bucket does not have logging enabled"
"o2-lambda-admin-privileges","security","helloTest","2022-03-14T19:12:24.436Z","Cloudticity-Fission-QA","us-east-1","o2-lambda-admin-privileges"
"o2-lambda-latest-runtime","compliance","helloTest","2022-03-14T19:12:24.483Z","Cloudticity-Fission-QA","us-east-1","o2-lambda-latest-runtime"
"o2-iam-user-no-recent-activity","security","rajeshwar-qa","2022-03-26T13:12:54.812Z","Cloudticity-Fission-QA","us-east-1","o2-iam-user-no-recent-activity"
"o2-iam-user-no-recent-activity","security","vijay-qa","2022-04-11T07:13:05.151Z","Cloudticity-Fission-QA","us-east-1","o2-iam-user-no-recent-activity"
"o2-iam-user-no-recent-activity","security","debopriyo.chakraborty","2022-04-30T13:13:03.761Z","Cloudticity-Fission-QA","us-east-1","o2-iam-user-no-recent-activity"
"o2-iam-user-no-recent-activity","security","parameswar.mondal","2022-05-01T13:13:10.109Z","Cloudticity-Fission-QA","us-east-1","o2-iam-user-no-recent-activity"
"o2-iam-user-no-recent-activity","security","prabhakar.upadhyay","2022-05-03T01:13:07.326Z","Cloudticity-Fission-QA","us-east-1","o2-iam-user-no-recent-activity"
"o2-iam-user-no-recent-activity","security","prabhakar.upadhyay2","2022-05-08T01:13:10.823Z","Cloudticity-Fission-QA","us-east-1","o2-iam-user-no-recent-activity"
"o2-s3-versioning-not-enabled","compliance","qa-shubham","2022-05-10T15:47:17.247Z","Cloudticity-Fission-QA","us-east-1","S3 bucket versioning is not enabled"
"o2-s3-logging-not-enabled","compliance","qa-shubham","2022-05-10T15:53:41.940Z","Cloudticity-Fission-QA","us-east-1","S3 bucket does not have logging enabled"
"o2-s3-required-tags","compliance","qa-shubham","2022-05-10T15:53:42.043Z","Cloudticity-Fission-QA","us-east-1","o2-s3-required-tags"
"o2-s3-default-encryption","security","qa-shubham","2022-05-10T15:59:43.278Z","Cloudticity-Fission-QA","us-east-1","An S3 bucket does not have default encryption configured."
"o2-elasticache-encryption-at-rest","security","o2-sqs-event-updates","2022-05-11T01:11:53.018Z","Cloudticity-Fission-QA","us-east-1","o2-elasticache-encryption-at-rest"
"o2-elasticache-encryption-in-transit","compliance","o2-sqs-event-updates","2022-05-11T01:11:53.115Z","Cloudticity-Fission-QA","us-east-1","o2-elasticache-encryption-in-transit"